Fecha,Hora Local,Magnitud,Profundidad en km,Localizacion,Origen,Reportado,Latitud,Longitud
1/6/2026,9:19:47 AM,4.1,32,13 km al norte de Quepos,Subduccion,"San Jose, Acosta,Desamparados, Alajuelita, Pavas,Coronado, Heredia, San Rafael, Santo Domingo, Cartago, Oreamuno, Llano Grande, Atenas",9.546,-84.1747
1/4/2026,5:17:28 AM,3.9,41,16 km al suroeste de San Marcos de Tarrazu,Subduccion,"San Jose, Acosta, Santa Ana, Escazu, Alajuelita, Puriscal, Moravia, Cartago, Paraiso, El Guarco, Heredia, Santo Domingo",9.6354,-84.1706
12/20/2025,6:43:45 AM,4.6,21,"30 km al oeste de Carate, península de Osa.",Tectónico por deformación interna de la placa del Coco,"Puerto Jiménez, Pérez Zeledón y Jacó.",8.4258,-83.7517
12/18/2025,2:55:59 PM,2,0.5,10 km al norte de San Isidro de Pérez Zeledón.,Tectónico en falla local,La Ese y Quebradas de Pérez Zeledón.,9.4646,-83.6848
12/17/2025,5:07:41 PM,5.7,15,170 Km al Sur de Punta Burica,Tectónico a lo largo de la Zona de Fracturas de Panamá (límite entre las placas del Coco y de Nazca),Zona Sur y Valle Central,6.5,-82.63
11/24/2025,8:48:55 PM,4.5,15,60 km al suroeste de Uvita de Osa,Intraplaca Coco,"Perez Zeledon, Dominical, Quepos",8.7311,-84.2296
11/22/2025,12:41:17 PM,5.6,2,59 km Sur Oeste de Uvita. Costa Pacífica de Costa Rica.,Subducción,"Zona Sur, Pacífico Central y Valle Central",8.7571,-84.1343
11/21/2025,1:47:00 PM,4.7,25,55 km Sur Oeste de Uvita. Pacífico Central,Intraplaca Coco,Moderado en el Pacífico Central y sur y leve en Valle Central,8.9554,-84.2314
11/20/2025,5:48:17 PM,4.8,12,70 km al suroeste de Uvita de Osa.,Tectónico por deformación interna de la placa del Coco.,"Uvita, Dominical y San Isidro de Pérez Zeledón",8.7118,-84.2707
11/19/2025,4:13:55 PM,4.1,5,"55 km al oeste de Playa Flamingo, Guanacaste.",Tectónico por subducción,"Tamarindo, Huacas, Brasilito, Portegolpe, 27 de Abril, Playa Negra.",10.4208,-86.2992
11/19/2025,9:49:12 PM,4.8,25,"4 km al noroeste de San Vito de Coto Brus, Puntarenas.",Tectónico en falla local.,"San Vito, Territorio Indígena Ngäbe-Buglé de Coto Brus, Laurel, Golfito, Limón, Turrialba, Juan Viñas, Ciudad Neily, Puerto Jiménez, San Isisdro de Pérez Zeledón.",8.859,-82.9856
11/18/2025,4:36:32 PM,5.6,20,50km al Suroeste de Uvita de Osa,Intra placa del Coco,"Escazu, Limon, Paraiso, Tibas, Heredia, Puerto Jimenez, Alajuelita, San Pedro de Montes de Oca, Perez Zeledon, Coronado, Desamparados, Naranjo, Jaco, Santo Domigo de Heredia, Hatillo, Guapiles,, Moravia, Alajuela, San Isidro del General, Tabazco de Acosta, Pavas",8.8076,-84.1359
11/17/2025,12:30:18 PM,5,5,"63 km al suroeste de parque Marino Ballena, Uvita",Intra placa Coco,"Palmar Norte, Quepos, Pérez Zeledón, Coto Brus, Puerto Jiménez, Valle Central",8.7636,-84.2031
11/16/2025,5:51:56 AM,4.8,55,1 km Este de Pilón de OSA,Deformación Interna de la Placa de Coco,"Pérez Zeledón, San Vito, Sabalito, Coto Brus y Leve en Valle Central.",8.9043,-83.164
11/15/2025,6:20:15 AM,4.5,16,20 km Oeste de Jacó,Subducción,"Jacó, Puntarenas, Hermosa",9.5794,-84.8031
11/3/2025,9:36:37 AM,4.2,8,14 km al noreste de Tilarán,Tectónico en falla local,"Tilarán, Cañas y Bagaces.",10.5889,-84.9414
11/1/2025,11:03:58 PM,3.3,1,2 km al sureste de San José de la Montaña de San Carlos.,Tectónico en falla local.,"San José de la Montaña de San Carlos, Zarcero, Ciudad Quesada, Naranjo, Aguas Zarcas, Venecia, Nueva Cinchona, Atenas y San Ramón.",10.2428,-84.3612
10/31/2025,1:10:34 AM,3.3,28,33 km al suroeste de Dominical.,Tectónico por deformación interna de la placa del Coco.,"Uruca, Hatillo y San Antonio del Tejar, Alajuela",9.0737,-84.1085
10/28/2025,2:32:31 PM,3.7,17,14 km al suroeste de Quepos,Subducción,Quepos,9.3083,-84.1918
10/27/2025,3:00:28 PM,3.2,5,3 k m Sur Este de San José de la Montaña de San Carlos.,Tectónico por Fallamiento Local,"Tapezco, La Legua, Zarcero, San Ramón de Alajuela, Naranjo, Palmares de Alajuela y Venecia de San Carlos",10.239,-84.3548
10/25/2025,5:45:13 PM,4.7,30,6 km al suroeste de San Vito,Tectónico por deformación interna de la porción subducida de la placa del Coco,"Fuerte en San Vito, Pittier, Agua Buena, Ciudad Neily, leve en Pérez Zeledón y Valle Central",8.7714,-82.9921
10/23/2025,1:45:23 PM,4.2,40,17 km Oeste de Bahía Ballena,Deformación interna de la placa del Coco.,"Bahía Ballena, Valle Central",9.1486,-83.9152
10/22/2025,9:31:55 PM,3.3,18,40 km Oeste de Bahia Ballena.,Subducción de la placa del Coco bajo la placa de Panamá.,Valle Central y Pacífico Central y sur,9.0726,-84.106
10/22/2025,9:43:01 PM,5,57,3 km Nor Oeste Bahia Ballena,Deformación interna de la placa del Coco.,Todo el país,9.1781,-83.76
10/21/2025,9:57:04 PM,6.1,17,19 km Sur Oeste de Manuel Antonio. Pacífico Central,Subducción,todo el país,9.2554,-84.2768
10/6/2025,9:21:49 AM,3.7,15,2 km Nor Oeste de Mata de Plátano de Turrubares,Tectónico por Fallamiento Local,"Turrubares, Herradura y Orotina",9.6162,-84.538
10/6/2025,4:28:34 PM,3.4,13,4 km al Noroeste de Mata de Plátano de Turrubares,Fallamiento Local,Bijagual de Turrubares,9.6351,-84.529
10/4/2025,3:08:45 PM,4.7,7,8 km al noroeste de Nuevo Arenal,Tectónico en falla local,Toda la zona norte desde Liberia hasta Upala y Fortuna de Alajuela,10.6022,-84.9478
10/4/2025,10:50:44 PM,3.3,5,5 km al Noreste de Tierras Morenas,Fallamiento Local,"Cote, Tilarán, Nuevo Arenal",10.5911,-849840
10/2/2025,3:15:47 AM,2.5,8,2.5 km al sur de Frailes de Desamparados.,Tectónico en falla local,Aserrí,9.7288,-84.0576
9/30/2025,4:04:43 AM,2.2,9.5,4 km al noroeste de Acosta,Tectónico en falla local,"Brasil de Mora, Piedades de Santa Ana, Ciudad Colón",9.8331,-84.1757
9/28/2025,11:32:58 PM,4.6,12,32 km al suroeste de Dominical,Tectónico por subducción,"Pacífico Central, Pérez Zeledón, Valle Central",8.9904,-83.9929
9/28/2025,11:42:34 PM,4.8,12,30 km al suroeste de Dominical,Tectónico por subducción,"Pacífico Central, Pérez Zeledón, Valle Central",8.9992,-83.9723
9/26/2025,9:01:20 PM,1.9,1,2 km al suroeste de Desamparados.,Tectónico en falla local.,"Desamparados, San Francisco de Dos Ríos, Alajuelita, Curridabat, San Sebastian, San Pedro, Zapote.",9.8923,-84.0781
9/15/2025,12:11:12 AM,3.1,6,8 km al suroeste de Orosi de Cartago,Fallamiento local,"Cartago, El Guarco, Paraiso, Desamparados, Alajuelita, Escazú",9.7219,-83.8733
9/15/2025,4:22:12 AM,2.8,6,8 km al suroeste de Orosi de Cartago,Fallamiento local,"El Guarco, Orosi",9.7202,-83.8818
8/31/2025,6:34:01 PM,3.8,33,16 km al suroeste de Manuel Antonio,Subducción,"Aserrí, Quepos y Manuel Antonio",9.2723,-84.2445
8/30/2025,8:30:00 AM,3.3,6,2 km Sur Este de Planta Eléctrica Avance. Cartago,Fallamiento Local,"Goicoechea, Coronado, Llano Grandre, Tres Ríos",9.945,-83.9405
8/26/2025,3:58:27 AM,3.7,25,19 km al suroeste de Nosara,Subducción,Nosara,9.9196,-85.814
8/23/2025,12:31:19 AM,2.1,5,Inmediaciones de Paseo de Los Estudiantes. (Barrio Chino),Tectónico por Fallamiento Local,"San Pedro, Zapote, Tibás",9.9299,-84.0726
8/23/2025,9:26:39 AM,1.8,4,Inmediaciones de la Iglesia de la Soledad. San José,Tectónico por Fallamiento Local,"Zapote, San José, San Pedro, Guadalupe",9.9313,-84.0757
8/22/2025,12:45:36 AM,4.1,4,Cercanías de Barrio Tournón. San José,Tectónico por Fallamiento Local,Fuerte en todo el Valle Central,9.9419,-84.0737
8/22/2025,4:55:06 PM,3.1,4,Cercanías de Barrio La California. San José.,Tectónico por Fallamiento Local,"San José, Guadalupe, San Pedro, Heredia",9.9329,-84.0681
8/21/2025,11:01:51 PM,3.7,13,1 km Norte de Pradera de Turrialba. Cartago,Tectónico por Fallamiento Local,"Paraíso, Cartago, Turrialba",9.9831,-83.6812
8/10/2025,4:11:19 AM,2.6,5,San José de la Montaña de Ciudad Quesada,Fallamiento local,Ciudad Quesada,10.2383,-84.345
8/7/2025,5:12:16 AM,2.4,1,San José de la Montaña de Ciudad Quesada,Fallamiento local,"San José de la Montaña (CQ), San Vicente (CQ), Bajos del Toro",10.2425,-84.3467
8/7/2025,6:31:13 AM,2.5,3,San José de la Montaña de Ciudad Quesada,Fallamiento local,"San José de la Montaña (CQ), San Vicente (CQ), Bajos del Toro",10.2448,-84.3403
8/7/2025,6:31:29 AM,3.1,3,San José de la Montaña de Ciudad Quesada,Fallamiento local,"San José de la Montaña (CQ), San Vicente (CQ), Bajos del Toro",10.2418,-84.3433
8/7/2025,8:11:29 AM,2.3,4,San José de la Montaña de Ciudad Quesada,Fallamiento local,"San José de la Montaña (CQ), San Vicente (CQ), Bajos del Toro",10.2461,-84.3453
8/7/2025,9:05:07 AM,1.9,2,San José de la Montaña de Ciudad Quesada,Fallamiento local,"San José de la Montaña CQ), San Vicente (CQ), Bajos del Toro",10.2371,-84.3395
8/7/2025,10:08:24 AM,2.1,3,San José de la Montaña de Ciudad Quesada,Fallamiento local,"San José de la Montaña CQ), San Vicente (CQ), Bajos del Toro",10.2414,-84.3407
8/7/2025,12:34:00 PM,2,2,San José de la Montaña de Ciudad Quesada,Fallamiento local,Aguas Zarcas,10.2226,-84.3467
8/7/2025,12:52:00 PM,2.7,6,5 km al sureste de Bijagua de Upala,Fallamiento local,Bijagua de Upala,10.7009,-85.0174
8/1/2025,1:33:11 PM,5.1,109,6 km este de Ciudad Quesada,Tectónico por deformación interna de la Placa de Coco,Leve en casi todo el país,10.3154,-84.3761
7/31/2025,12:47:04 PM,3.8,23,12 km Sur de Isla Tortuga. Puntarenas,Subducción,Cóbano y Paquera,9.6563,-84.8835
7/26/2025,11:39:43 AM,3.7,3,1 km oeste de Las Hornillas de Bagaces,Fallamiento Local,"Cañas, Bijagua, Aguas Claras, Fortuna de Bagaces",10.7139,-85.1841
7/18/2025,4:34:45 AM,4.5,21,10 km Oeste de San Carlos de Tarrazú,Fallamiento Local,Valle Central y Pacífico Central,9.6082,-84.1821
7/14/2025,6:45:13 PM,1.9,4,2.5 km al norte de La Fortuna de Bagaces.,Tectónico en falla local,Bagaces,10.7033,-85.2057
7/13/2025,8:16:01 PM,2.4,6,3 km al noreste de la Fortuna de Bagaces,Fallamiento Local,La Fortuna de Bagaces,10.6965,-85.1856
7/13/2025,8:16:01 PM,2.4,6,3 km al noreste de la Fortuna de Bagaces,Fallamiento Local,La Fortuna de Bagaces,10.6965,-85.1856
7/11/2025,2:49:36 AM,2.4,5,2 km al NW de Tablón (Cartago),Tectónico en falla local,"Patarrá, San Francisco de Dos Ríos, Deasmparados",9.8399,-84.022
7/10/2025,12:34:43 PM,2.8,6,4 km al sureste de Higuito de Desamparados,Fallamiento Local,"Aserrí, San Juan de Dios, Uruca, San José",9.8435,-84.0195
7/6/2025,1:59:58 PM,5.2,40,10 km al norte de Parrita,Tectónico por subducción,"Parrita, Quepos, Jacó, Puntarenas, Valle Central, Turrialba",9.6138,-84.3148
7/6/2025,3:51:03 PM,4.5,34,10 km al norte de Parrita,Tectónico por subducción,Pacífico Central y Valle Central,9.6151,-84.3148
7/3/2025,4:23:23 AM,1.9,6,8 km al NE de Las Juntas de Abangares.,Tectónico en falla local,"Las Juntas, Monteverde, Cañitas, Líbano, Marsella y Cebadilla de Cañas.",10.3342,-84.905
7/3/2025,4:31:43 AM,3.1,5,9 km al NE de Las Juntas de Abangares.,Tectónico en falla local,"Las Juntas, Monteverde, Cañitas, Líbano, Marsella y Cebadilla de Cañas.",10.3422,-84.9001
7/2/2025,3:19:06 PM,2.1,5,11 km al noreste de Las Juntas de Abangares,Tectónico en falla local,Las Juntas de Abangares y en Monteverde,10.3429,-84.8822
6/28/2025,5:39:27 AM,3.3,17,5 Km Oeste de Concepción de Tarrazú,Tectónico por Fallamiento Local,"Reportado leve en el Valle Central. San Pedro, Sabana, Montes de Oca",9.574,-84.1041
6/24/2025,10:56:41 AM,3,15,7 km sur Oeste Colonia Cubujuquí.,Tectónico por Fallamiento Local,Leve en Moravia,10.2063,-83.9915
6/24/2025,2:50:47 PM,2,2,9 km Sur de Ciudad Quesada,Tectónico por Fallamiento Local,San José de la Montaña de San Carlos.,10.2415,-84.3988
6/24/2025,2:59:21 PM,1.9,3,9 km Sur de Ciudad Quesada,Tectónico por Fallamiento Local,San José de la Montaña de San Carlos.,10.2555,-84.4129
6/14/2025,12:23:30 PM,2.2,0.1,"4.5 km al oeste de Poasito, Alajuela",Tectónico en falla local.,Poasito,10.1625,-84.2336
6/7/2025,8:57:00 PM,3.6,50,16 km al suroeste de Santa María de Dota,Deformación interna de la placa del Coco en su porción ya subducida.,"Tobosi, Cartago, Paraiso, Desamparados, Tarbaca, San Predro, Ciudad Colón y Quepos.",9.557,-84.0805
6/6/2025,10:06:31 PM,5.4,13,14 km al noroeste de Puerto Jiménez,Tectónico por subducción,"Zona Sur, Guápiles, Pac´fico Central y Valle Central",8.6474,-83.3684
5/20/2025,12:37:18 PM,2,3.5,4 km al suroeste de San Antonio de Escazú,Tectónico en falla local,"Escazú, Salitral y Río Oro.",9.8791,-84.1677
5/19/2025,5:27:22 PM,2.8,7,8 km al suroeste de Orosi,Tectónico en falla local,"El Empalme, Higuito del Guarco y Taras de Cartago.",9.7175,-83.8854
5/14/2025,11:55:09 AM,2,5,Barrio La Colina. Curridabat,Tectónico por Fallamiento Local,"San José, Curridabat, SAn Pedro",9.9034,-84.044
5/13/2025,8:37:03 PM,4,13,Playa Hermosa Puntarenas,Fallamiento Local,"Playa Hermosa,Jaco, Herradura, Esparza, Parrita, Esterillos, Valle Central",9.542,-84.5535
5/12/2025,10:38:05 PM,4.4,20,20 km al suroeste de Shiroles de Talamanca,Tectónico en falla local,"Baja Talamanca, Caribe sur y zona sur",9.5366,-83.1367
5/5/2025,1:11:02 AM,2.2,0.2,Fortuna de Bagaces,Tectónico en falla local,Fortuna y Mogote de Bagaces,10.6698,-85.2014
4/28/2025,6:38:09 AM,3.3,22,13 km al noroeste de San Isidro de Pérez Zeledón,Tectónico en falla local,"San Isidro, Sinaí y Cocorí",9.4836,-83.7445
4/19/2025,5:04:16 PM,4.2,28,60 km al noroeste de playa Tamarindo,Subducción,"Playas del Coco, Playa Grande, Carrillo, Tamarindo, Playa Potrero",10.4724,-86.3821
4/13/2025,3:30:00 PM,5.3,20,55 km al oeste de Playa Flamingo.,Tectónico por subducción,Península de Nicoya y oeste del Valle Central.,10.4229,-86.2797
4/13/2025,1:50:32 PM,3.6,8,5 km al norte de Turrialba,Fallamiento Local,"Turrialba, Santa Cruz, Verbena Norte, Siquirres, Juan Vi;as, La Suiza",9.9538,-83.6783
4/12/2025,2:18:23 AM,3.7,13,6 km al sureste de Ciudad Neily.,Tectónico en falla local,Paso Canoas,8.5967,-82.9124
4/8/2025,7:02:12 AM,4.4,34,50 km al oeste de Tamarindo,Tectónico por subducción,"Matapalo, Tamarindo, Cartagena, Playas del Coco, Sardinal y Santa Barbara de Guanacaste.",10.3588,86.2865
4/5/2025,12:09:02 AM,2,4.5,La Lima de Cartago,Tectónico en falla local,Cartago,9.8663,-83.9387
4/2/2025,10:52:54 PM,2.2,5,La Suiza de Turrialba,Fallamiento Local,"La Suiza, Tuis, Tres Equis de Turrialba",9.8588,-83.6215
4/2/2025,10:04:46 AM,3.5,14,10 km al noroeste de Paso Canoas,Fallamiento Local,"Canoas, La Mariposa de Corredores",8.5898,-82.918
3/30/2025,11:47:05 PM,1.7,7,3 km al sur de Tobosi de El Guarco.,Tectónico en falla local.,San Isidro de El Guarco.,9.809,-83.9822
3/29/2025,5:51:13 AM,4.5,8,10 km al noroeste de Paso Canoas,Fallamiento Local,"Paso Canoas, Laurel, Rio Claro, Coto 49, Abrojo, Perez Zeledon, Chiriqui",8.5627,-82.9242
3/28/2025,4:22:10 AM,3.8,11,12 km Nor Oeste de Paso Canoas,Fallamiento Local,Paso Canoas,8.5871,-82.9212
3/28/2025,6:09:33 AM,3.7,4,2 km Nor Este de La Lucha. Zona de Los Santos,Fallamiento Local,Fuerte en el Valle Central,9.7537,-83.9886
3/28/2025,6:44:08 AM,4.3,10,10 Km Nor Oeste de Paso Canoas,Fallamiento Local,Paso Canoas. Laurel,8.5832,-82.9245
3/27/2025,4:23:00 PM,3.9,20,7 km Nor Oeste de Paso Canoas,Fallamiento Local,"Ciudad Neilly, Paso Canoas",8.5545,-82.896
3/23/2025,9:43:00 AM,3.5,19,6 km al suroeste de San Isidro de El General,Fallamiento Local,Perez Zeledon,9.3203,-83.727
3/21/2025,8:50:56 AM,6.1,33,100 km sur de Puerto Armuelles,Zona de Fractura de Panamá,"Leve en Valle Central, fuerte en Zona Sur de Costa Rica",7.3271,-82.7294
3/20/2025,3:38:00 AM,3.1,11,9 km al noroeste de Paso Canoas,Fallamiento Local,Paso Canoas,8.5796,-82.9183
3/20/2025,3:39:00 AM,3.5,13,9 km al noroeste de Paso Canoas,Fallamiento Local,Paso Canoas,8.5733,-82.9224
3/18/2025,5:00:00 PM,2,6,San Jose centro,Fallamiento Local,"Hatillo, Calle Banco",9.9287,-84.0809
3/17/2025,9:44:00 PM,3.8,24,20 km al noroeste de Golfito,Subduccion,"Golfito, Rio Claro, Piedras Blancas, Puerto Jimenez, Ciudad Neily, San Vito",8.6973,-83.3364
3/17/2025,9:54:00 PM,3.2,19,20 km al noroeste de Golfito,Subduccion,Golfito,8.6974,-83.3215
3/12/2025,6:40:00 AM,2.7,7,3 km Nor Este de La Fortuna de Bagaces,Tectónico por Fallamiento Local,La Fortuna y Guayabo de Bagaces.,10.6947,-85.1898
3/4/2025,1:29:51 AM,4.6,19,30 km al noroeste de Golfito y 5 km al noreste de Rincón de Osa,Tectónico por subducción,"Zona Sur, Pérez Zeledón, Limón y parte sureste del Valle Central",8.7278,-83.4417
3/1/2025,11:44:13 AM,2.8,0,"4 km hacia el Sur del Tejar del Guarco, Cartago",Fallamiento local,"El Guarco, El Tejar, Cartago.",9.8045,-83.9493
3/1/2025,11:48:58 AM,1.5,0,"4 km hacia el Sur del Tejar del Guarco, Cartago",Fallamiento local,"El Guarco, El Tejar, Cartago.",9.7999,-83.9519
2/23/2025,6:18:26 AM,4.6,35,34 km al oeste de Playa Tamarindo,Subducción,"Sardinal, Porte Golpe, Nicoya, Belén, Brasilito, Huacas",10.3115,-86.158
2/21/2025,4:36:34 PM,4.3,35,42 km al oeste de Playa Tamarindo,subduccion,"Santa Cruz, Cañas",10.2964,-86.2475
2/18/2025,2:40:39 PM,4.3,24,17 km Sur Oeste de Tamarindo. Guanacaste,Subducción,"Santa Cruz, Cartagena, Belen, Nicoya, Huacas Nosara, Tamarindo, Brasilito, Villareal",10.1814,-85.7425
2/9/2025,5:56:10 PM,4,46,60 km Norte de Peñas Blancas. Ubicado en Nicaragua,Intraplaca Coco,"Leve en Peñas Blancas, y Ciudad Quesada",11.73,-85.7758
2/8/2025,2:06:01 AM,2,8,1.5 km Sur Oeste de Lourdes de Aserrí,Fallamiento Local,"Aserrí, Alajuelita, Escazú",9.8458,-84.1126
2/5/2025,4:35:52 PM,4.1,40,9 km Sur Oeste de Playa Dominical.,Intraplaca Coco,Valle Central y Pacífico Central,9.1975,-83.9314
2/3/2025,10:41:14 AM,2.7,2,5 km Sur Este de Capellades de Alvarado,Tectónico por Fallamiento Local,La Virtudes y Capellades,9.9517,-83.8203
1/27/2025,4:02:02 PM,3.7,33,15 km al suroeste de division de Perez Zeledon,subduccion,"Los angeles de paramo, Paraiso, Cartago centro",9.4477,-83.835
1/25/2025,9:57:51 PM,3.4,17,3 km al suroeste de Nosara,Tectónico por subducción,"Nosara, Sámara y Caimital de Nicoya",9.9628,-85.6746
1/23/2025,8:04:54 AM,3.3,28,Portete de Limón,Tectónico,Ciudad de Limón.,10.0041,-83.0638
1/20/2025,8:06:43 AM,4.2,54,4 km Nor Este de Dominical,Deformación Interna de la Placa de Coco,Valle Central,9.2606,-83.8271
1/20/2025,8:06:43 AM,4.2,54,4 km Nor Este de Dominical,Deformación Interna de la Placa de Coco,Valle Central,9.2606,-83.8271
1/17/2025,10:21:40 PM,3.9,39,3 km al oeste de Mansión de Nicoya,Tectónico por subducción.,"Mansión, Nicoya, Nandayure, Curime, Hojancha,Santa Cruz, Nosara y Cóbano.",10.105,-85.4013
1/15/2025,2:11:17 AM,4.7,33,"5 km al sur de Puerto Armuelles, Panamá","Tectónico, dentro de la porción subducida de la placa de Nazca",Laurel,8.2305,-82.8643
1/11/2025,4:32:23 AM,4.7,23,18 km Oeste de Paso Canoas,Zona de Fractura de Panamá,"San Vito, Laurel, La Cuesta, Paso Canoas",8.4628,-82.999
1/11/2025,8:20:57 PM,4.3,27,6 km Oeste de Playa Bejuco. Pacífico Central,Subducción,"Leve en Valle Central. Jacó, Quepos, Bejuco",9.4858,-84.4799
1/9/2025,8:13:27 AM,3.8,17,13 km Sur Oeste de Playa Corcovado. Península de Osa,Subducción,"Paso Canoas, Sirena, Corcovado",8.4426,-83.7377
1/5/2025,11:18:48 AM,6,25,"21 km al suroeste de El Zapote, El Salvador.",Tectónico por subducción.,"Filadelfia, Nosara, Chomes, San Ramón, Naranjo y Grecia.",13.1131,-88.9638
1/2/2025,7:29:43 AM,4.2,30,"25 km al sureste de Puerto Armuelles, Panamá.",Tectónico en la Zona de Fracturas de Panamá,"Caracol, Laurel y Paso Canoas",8.0555,-82.7715
12/29/2024,11:13:29 PM,4.3,48,"6 km al suroeste de Uvita, Puntarenas",Deformacion interna de la Placa del Coco,Valle Central,9.116,-83.7581
12/29/2024,8:21:24 PM,2.3,22,15 km al suroeste de San Gabriel de Aserrí.,Tectónico en falla local,"Calle Fallas de Desamparados, Brasil de Mora, San Pedro de Montes de O ca y Cartago.",9.6609,-84.1737
12/27/2024,10:18:12 AM,4.2,18,"8 km al noroeste de Puerto Armuelle, Panama",Deformacion interna Micro placa de Panama,Laurel,8.3338,-82.9051
12/23/2024,2:42:52 AM,4.3,2,50 km al suroeste de Limón,Tectónico en falla local,Puerto Viejo,9.5414,-83.138
12/14/2024,12:19:46 PM,4.9,21,22 km Sur Oeste de Puerto Armuelles. Zona Sur,Zona de Fractura de Panamá,"Fuerte en Laurel, Drake y Río Claro",8.1032,-82.9794
12/12/2024,6:43:58 PM,3.7,14,9 km Este de Playa Jacó. Pacífico Central,Subducción,"Fuerte en Playa Jacó, Playa Hermosa",9.6104,-84.5462
12/4/2024,8:36:14 PM,4,20,4 km al noreste de Rincón de Osa,Tectónico por deformación interna de la placa del Coco,Golfito y Puerto Jiménez,8.7263,-83.4562
11/23/2024,1:27:54 AM,4.1,12,7 km al suroeste de Providencia de Dota,Tectónico en falla local,"Los Santos, Cartago, Paraíso, Acosta, Escazú, San Isidro de Pérez Zeledón",9.5126,-83.9034
11/23/2024,12:56:15 AM,3.3,10,7 km al suroeste de Providencia de Dota,Tectónico en falla local,Providencia y Copey de Dota.,9.5078,-83.9035
11/20/2024,6:48:15 PM,3.7,56,Uvita,Tectónico por deformación interna de la placa del Coco.,"Uvita, Dominical y Barú",9.157,-83.7512
11/20/2024,8:23:41 PM,5.1,19,23 km al sur de Punta Burica,Tectónico en la Zona de Fracturas de Panamá,"David, Canoas, Laurel, Ciudad Neily, La Cuesta, San Vito.",7.8404,-82.9648
11/13/2024,2:39:56 PM,3.5,10,2 km al oeste de Ciudad Neilly,Tectónico por deformación interna de la placa de Panamá,"Ciudad Neilly, Río Claro y Coto Brus.",8.6445,-82.9639
11/12/2024,7:42:52 AM,4,33,10 km sur Oeste de Matapalo. Pacífico Central,Intraplaca Coco,Valle Central y Pacífico Central,9.2954,-84.0432
11/11/2024,4:59:21 PM,3,14,12 km al noreste de San Isidro de Coronado,Tectónico en falla local.,"Toda la parte este y central del Valle Central, hasta Alajuela.",10.1029,-83.9858
11/9/2024,4:03:35 AM,5.7,25,"150 km al sur de David, Panamá",Tectónico,"David y Boquete Panamá, Mellizas de Sabalito",7.0354,-82.4529
11/9/2024,1:30:10 PM,5.8,25,"170 km al sur de David, Panamá.",Tectónico en la Zona de Fracturas de Panamá.,"David, Panamá y Laurel y Ciudad Neily.",6.4889,-82.4297
11/6/2024,11:26:14 AM,3.2,10,16 km al noroeste de San Isisdro de Pérez Zeledón,Tectónico en falla local,"San Ramón, Río Nuevo y Santa Elena de Pérez Zeledón.",9.4923,-83.7749
11/3/2024,7:10:56 AM,3.5,26,13 km al sur de Golfito,Tectónico por deformación interna de la placa del Coco.,"Golfito, Zancudo y Chontales, de Cortés, de Osa.",8.5371,-83.1442
11/2/2024,5:33:22 AM,3.3,78,"La Sabana, San José",Deformación interna de la placa del Coco,"Alajuela, Heredia",9.947,-84.1189
10/23/2024,7:35:28 AM,2.8,4,1.5 km al noroeste de La Fortuna de Bagaces,Fallamiento local,"La Fortuna, Las Palmas, Guayabo de Bagaces",10.6825,-85.2134
10/20/2024,12:19:36 PM,3.6,12,2 kms Sur Oeste de Santa Fé de Coto Brus,Fallamiento Local,"Coto Brus, Santa Fé",8.9263,-83.0015
10/16/2024,8:29:34 AM,3.9,77,7 km Nor Oeste de Cañas. Guanacaste,Deformación Interna de la Placa de Coco,"Monteverde, Miramar, Cañas",10.4733,-85.1257
10/14/2024,6:10:53 PM,4.4,33,42 km Oeste de Playa Flamingo. Guanacaste,Subducción,"Carrillo, Flamingo, Tamarindo, Sardinal",10.439,-86.183
10/13/2024,4:05:34 PM,4.1,20,50 km hacia el Oeste de Tamarindo,Subducción de la placa del Coco,"Santa Cruz, Nicoya, Flamingo, Tamarindo, playas del Coco",10.2792,-86.2992
10/12/2024,8:24:43 PM,4.4,2,"9.35 km hacia el Noroeste de Quepos, Puntarenas.",Intra placa del Caribe,"Quepos , tabarcia, valle central",9.4488,-84.2486
10/12/2024,11:43:45 AM,6.6,45,56 km hacia el Oeste de Tamarindo,Intraplaca del Coco,"Bijagua, Chacarita de Puntarenas, Ciudad Quesada, Nicoya, Santa Cruz, Upala, Tilarán, Nicoya, Nosara, Liberia, San Ramón, Alajuela, Carrillo",10.3614,-86.3591
10/11/2024,3:38:22 PM,4.6,17,"45 km hacia el Noroeste de Tamarindo, Guanacaste",Subducción de la placa del Coco por debajo de la placa del Caribe,"Hojancha, Portegolpe, Santa Cruz, Liberia, Playas del Coco, Filadelfia, Potrero",10.4042,-86.2397
10/8/2024,11:37:39 AM,2.8,8.5,5 km hacia el Oeste de Ipís de Goicoechea,Fallamiento local,"Ipís de Goicoechea, San Francisco de dos Rios, Montes de Oca, Barrio Cuba, Alajuelita, Ayarco, Tres Rios, Aserrí.",9.9678,-83.9712
10/8/2024,2:05:42 PM,3.9,43,60 km Oeste de Playa Flamingo. Guanacaste,Subducción,Leve en Flamingo,10.3289,-86.2899
10/8/2024,2:25:46 PM,4.7,35,60 km Oeste de Playa Flamingo. Guanacaste,Subducción,Leve en Flamingo,10.3126,-86.3497
10/7/2024,12:29:07 AM,3.5,8,10 km al sureste de Aguas Zarcas de San Carlos.,Tectónico en falla local.,"Venecia, Aguas Zarcas, Ciudad Quesada, Río Cuarto, Zarcero, Pital, San Miguel de Sarapiquí,",10.2961,-84.2971
9/24/2024,4:14:58 PM,3.9,10,16 km al noroeste de San Vito,Tectónico en falla local,"San Vito, Sabalito y Volcán de Chiriquí",8.9602,-83.0141
9/24/2024,4:19:58 PM,3.2,3,14 km al noroeste de San Vito,Tectónico en falla local,Sabalito,8.9477,-82.9935
9/23/2024,10:30:00 PM,4,49,"6 km al noroeste de Ciudad Neily, Puntarenas.",Tectónico por subducción,Paso Canoas y San Vito,8.6596,-82.9994
9/22/2024,6:55:06 AM,4,12,14 km Norte de San Vito de Coto Brus,Fallamiento Local,Fuerte en San Vito y poblados cercano,8.9443,-82.999
9/18/2024,6:07:40 PM,2.4,6,"9 km al noreste de San José de la Montaña, Heredia.",Tectónico en falla local,Heredia,10.1257,-84.0703
9/7/2024,5:31:10 PM,3.6,16,10 km al suroeste de Santa Teresa,Tectónico por subducción de la placa del Coco bajo la placa del Caribe.,"Manzanillo, Playa Coyote, Santa Teresa, Montezuma,",9.6278,-85.2674
8/30/2024,2:54:00 PM,3,8,3 km al Noroeste de Santiago de Puriscal,Tectónico en falla local,"Santiago, Grifo Alto, Piedras Negras, Coyol, Atenas, Zapatón, Turrúcares y Ciudad Colón",9.8734,-84.3289
8/28/2024,3:35:48 AM,3.6,22,9 km al suroeste de Santa María de Dota,Tectónico en falla local,"Escazú, Curridabat, Santa Ana y Quepos.",9.5742,-83.9926
8/25/2024,10:17:10 AM,5.3,64,91 km Oeste de Playas del Coco. Guanacaste,Subducción,Leve en Tamarindo,10.518,-86.5445
8/25/2024,11:08:41 PM,6.1,31,130 km Sur de Chiriquí. Panamá,Zona de Fractura de Panamá,Zona sur de Costa Rica y leve en el Valle Central,7.1821,-82.5179
8/17/2024,10:49:54 PM,2.8,7,3.5 km al sureste de Armenias de Upala,Tectónico en falla local,Armenias y Bijagua,10.7917,-85.1041
8/15/2024,12:20:31 AM,3.3,6,Las Nubes de Coronado,Fallamiento local,Todo el Valle Central,9.9853,-83.9542
8/9/2024,9:48:29 AM,4.3,14,41 km Sur Oeste de Uvita. Parque Nacional Marino Ballena,Subducción,Leve en Pérez Zeledón,8.9514,-84.0889
7/31/2024,8:22:00 PM,3.7,61,3 km al norte de Acosta,Tectónico por deformación interna de la porción subducida de la placa del Coco,"Santa Ana, Heredia, Desamparados, Coronado, Grecia, Alajuela, Atenas, Moravia, Naranjo",9.8275,-84.1564
7/30/2024,8:07:00 PM,3.6,40,8 km al noroeste de Nicoya,Deformación interna de la porción subducida de la placa del Coco.,"Nicoya, Caballito, Tilarán, Playa Grande, Veintisiete de Abril y Nosara.",10.2153,-85.4732
7/27/2024,1:41:00 AM,1.9,7,1.5 km Sur de San Felipe de Alajuelita,Fallamiento Local,"Alajuelita, Escazú, Desamparados",9.8939,-84.1024
7/23/2024,12:51:00 PM,3.3,8,Colonias de Guayabo. Turrialba,Fallamiento Local,"Turrialba, Guayabo",9.9623,-83.6775
7/22/2024,1:19:00 PM,6,20,33 km Sur Sureste de Puerto Armuelles,Zona de Fractura de Panamá,"Fuerte en Zona Sur de Costa Rica, leve en Valle Central.",8.0046,-82.714
7/22/2024,2:17:00 PM,5.7,16,23 km sur de Puerto Armuelles,Zona de Fractura de Panamá,Zona Sur y Valle Central,8.0609,-82.8621
7/19/2024,10:02:00 PM,3.6,29,24 km al oeste de Playa Potrero,Tectónico por subducción,"Tamarindo, Playa Grande, Sardinal, Playas del Coco, Junquillal, Santa Cruz, Huacas, Potrero",10.4528,-85.9891
7/19/2024,10:02:00 PM,3.6,28.5,"21.5 km hacia el Noroeste de Playa Flamingo, Guanacaste.",Subducción de la placa del Coco por debajo de la Placa del Caribe,"Playa Grande, Flamingo, Playas del Coco, Tamarindo, Junquillal",10.4528,-85.9891
7/14/2024,1:54:00 AM,3.1,14,16 km al oeste de Siquirres,Tectónico en falla local,Siquirres y Turrialba,10.0787,-83.6603
7/13/2024,3:53:00 AM,2,3,4 km al suroeste de Orosi,Tectónico en falla local,"Rio Macho, Orosi, Paraiso",9.7683,-83.8733
7/13/2024,3:33:00 PM,5.7,15,14 km al sureste de punta burica,subduccion,"Zona sur, Valle Central",8.03,-82.7376
7/12/2024,3:36:00 AM,4.2,32,33 km al noreste de Parismina,Tectónico,Limón,10.5193,-83.1484
7/8/2024,3:54:00 AM,5.8,30,"21 km al sureste de Paso Canoas, en Panamá",Tectónico por subducción.,"Zona Sur, Limón, Turrialba, Quepos y Valle Central",8.4158,-82.6852
7/8/2024,6:31:00 AM,4.8,28,12 km hacia el Este de Laurel de Corredores de Puntarenas.,Subducción de la placa de Nazca bajo la placa de Panamá,"Zona Sur, Peninsula de Burica, Golfito",8.4299,-82.7218
7/8/2024,10:49:00 AM,2.3,4,3 km al sureste de San Isidro de Heredia,Tectónico en falla local.,San Isidro y San Pablo de Heredia,9.9943,-84.0437
7/3/2024,6:52:00 PM,3.5,35,6 km al sur de Santa Cruz,Tectónico por subducción.,"Santa Cruz, Marbella, Matambú, Mansión, Sabana Grande.",10.2013,-85.5856
6/28/2024,10:10:00 AM,2.6,3,4 km oeste de Salitrillos de Aserrí,Fallamiento Local,"Desamparados, Aserrí, San Fco. de Dos Ríos",9.8526,-84.1271
6/24/2024,10:23:00 AM,4,32,"54km al NorNoroeste de Playa Nacascolo, Guanacaste",Subducción,Playa Flamingo,10.7644,-86.1838
6/24/2024,4:48:00 PM,4.4,7,3.5 km Oeste de Salitrillos de Aserrí,Fallamiento Local,Valle Central,9.8523,-84.1287
6/24/2024,7:41:00 PM,2.4,9,4 km al oeste de Salitrillos (Aserrí),Tectónico en falla local,"San Miguel de Patarrá, Alajuelita y Desamparados",9.8462,-84.1342
6/19/2024,7:27:00 PM,2.9,10,8 km al norte de San Isidro de Pérez Zeledón,Tectónico en falla local,Bostón de Pérez Zeledón y Cartago,9.4482,-83.7062
6/18/2024,4:05:09 PM,2.1,6,14 km al norte de Tilarán,Tectónico en falla local,Río Piedras (Guadalajara) de Tierras Morenas,10.5996,-84.9659
6/18/2024,4:05:37 PM,2.8,8,14 km al norte de Tilarán,Tectónico en falla local,Río Piedras (Guadalajara) de Tierras Morenas,10.5985,-84.964
6/16/2024,1:15:00 PM,3.7,65,2 km al norte de San Ignacio de Acosta,Deformacion interna de la placa del Coco,"Valle Central, Perez Zeledon",9.8162,-84.1634
6/8/2024,12:47:00 AM,3.2,7,15 km al norte de Tilarán,Tectónico en falla local,"Tronadora, Tierras Morenas, Aguacate, Quebrada Grande, Paraiso Guadalajara de Tilarán, Tilarán, Nuevo Arenal, Río Celeste, Guatuso, Bagaces Abangares",10.6021,-84.9497
6/8/2024,3:03:00 AM,2.8,12,17 km al noreste de San Isidro de Heredia,Tectónico en falla local,Hatillo y Escazú,10.1481,-83.9702
6/5/2024,12:08:00 AM,3.6,10,15 km al norte de Tilarán,Tectónico en falla local,"Tilarán, Nuevo Arenal, Bahaces, Bijagua, Fortuna, Guatuso",10.6079,-84.9648
6/5/2024,12:10:00 AM,4.1,12,14 km al norte de Tilarán,Tectónico en falla local,"Tilarán, Nuevo Arenal, Bahaces, Bijagua, Fortuna, Guatuso",10.5995,-84.9668
6/4/2024,8:08:00 AM,3.2,9,14 km al norte de Tilarán,Tectónico en falla local,"Tilarán, Tronadora, Piedras Negras y Guadalajara de Tilarán",10.5996,-84.9657
6/4/2024,2:28:31 PM,2.7,8,"5.5 km hacia el Noreste de Tierras Morenas, Tilarán Guanacaste",Fallamiento local,Tilaran,10.5754,-84.9737
6/3/2024,5:46:00 AM,2.7,2,6 km Este de Tierras Morenas. Tilarán,Tectónico por Fallamiento Local,Tierras Morenas,10.5703,-84.9704
6/1/2024,2:32:00 PM,4.4,54,1 km Sur de San Carlos de Tarrazú,Deformación Interna de la Placa de Coco,Zona de los Santos,9.6187,-84.0929
6/1/2024,9:02:00 AM,2.5,5,6 Km NorEste de Tierras Morenas . Tilarán,Tectónico por Fallamiento Local,Tierras Morenas,10.5905,-84.9751
5/29/2024,1:03:00 PM,4.1,15,25 Km oeste de Marbella. Guanacaste,Intraplaca Coco,"Marbella, Nicoya, Playa Negra, Nosara, Tamarindo",10.0662,-86.0008
5/25/2024,2:11:00 PM,5.2,14,5 km Sur Oeste de Laurel de Corredores,Microplaca de Panamá,"Laurel, Ciudad Neilly y Chiriquí en Panamá",8.4158,-82.9438
5/25/2024,10:37:09 PM,4.46,3,1.6 km al norte de Caracol de la Vaca Corredores de Puntarenas,Fallamiento local,"Corredores de Puntarenas, Laurel, Puerto Armuelles",8.465,-82.9946
5/24/2024,11:39:00 PM,3.7,23,Playa Avellana,Subducción,"Tamarindo, Villareal,Sardinal,Playa Potrero, Belén de Carrillo",10.2368,-85.8433
5/24/2024,4:45:20 PM,3.7,9.4,Savegre Abajo de Puntarenas,Fallamiento local,"Heredia, Pérez Zeledón, Dominical,",9.4335,-83.847
5/23/2024,9:02:00 AM,3.1,10,La Suiza de Turrialba,Fallamiento local,"La Suiza, Tucurrique, Tuis, Turrialba, Tres Ríos, Sarapiquí",9.8563,-83.5987
5/15/2024,8:27:28 AM,2.6,9,1.4 km hacia el Oeste de San Luis de Santo Domingo de Heredia,Fallamiento local,"Lomas de Ayarco, Curridabat, Santo Domingo, Paso Ancho, Zapote, San Jose",10.0129,-84.0134
5/2/2024,2:14:00 PM,3.7,66,"15 km al noreste de Playa Matapalo, Puntarenas",Intra Placa Coco,"Escazú, Caldera, Pérez Zeledón",9.422,-83.8693
4/25/2024,4:05:00 PM,3.4,10,8 km al norte de San Isisidro de Pérez Zeledón.,Tectónico en falla local.,"San Andrés, Boston, General Viejo, Sinaí, Morazán, Cajón y San Isidro de Pérez Zeledón",9.4483,-83.7174
4/25/2024,4:05:00 PM,3.4,10,8 km hacia el Norte de San Isidro de Pérez Zeledón,Fallamiento local,San Isidro de Pérez Zeledón,9.4483,-83.7174
4/25/2024,4:05:00 PM,3.4,10,8 km hacia el Norte de San Isidro de Pérez Zeledón,Fallamiento local,San Isidro de Pérez Zeledón,9.4483,-83.7174
4/25/2024,4:05:00 PM,3.4,10,8 km hacia el Norte de San Isidro de Pérez Zeledón,Fallamiento local,San Isidro de Pérez Zeledón,9.4483,-83.7174
4/25/2024,4:05:00 PM,3.4,10,8 km hacia el Norte de San Isidro de Pérez Zeledón,Fallamiento local,San Isidro de Pérez Zeledón,9.4483,-83.7174
4/25/2024,7:07:00 PM,2.4,12,12 km al sureste de Tilarán,Tectónico en falla local,Cerro San José y Líbano de Tilarán y en Marañonal de Esparza,10.3747,-84.9055
4/23/2024,8:14:00 AM,4.1,28,10 km Norte de Playa Bejuco. Guanacaste,Intraplaca Coco,"Filadelfia, Nicoya, Santa Cruz, Santa Ana, Hojancha, Nandayure, Jicaral.",9.9012,-85.3223
4/19/2024,6:59:00 PM,4.3,3,"32 km al suroeste de Uvita, Parque Marino Ballena",Deformacion interna del Bloque de Panamá,"Valle Central, Bahía Drake",8.9884,-84.0137
4/18/2024,4:59:00 AM,3.7,29,12 km al sureste de San Marcos de Tarrazú,intra placa,Valle Central,9.5669,-83.9553
4/17/2024,3:21:00 PM,5.6,158,15 km Nor Este de La Cruz. Guanacaste,Deformación Interna de la Placa de Coco,Todo el país,11.1107,-85.5108
4/8/2024,10:10:00 AM,2.4,5,9 km al Suroeste de Ciudad Quesada,Tectónico en falla local,Alto Gloria y Ciudad Quesada de San Carlos,10.2819,-84.4959
4/6/2024,11:25:00 AM,4.3,11,12 km Nor Este de Paracito.Moravia,Tectónico por Fallamiento Local,"Valle Central, Sarapiquí",10.136,-83.9382
3/31/2024,9:50:38 PM,4.4,25.7,"58 km hacia el Noroeste de Playa Flamingo, Guanacaste",Deformación interna de la placa del Coco,Guanacaste,10.6082,-86.3075
3/30/2024,12:34:54 PM,4.7,56,11 km hacia el oeste de San Marcos de Tarrazú.,Subducción de la Placa del Coco por debajo de la microplaca de Panamá,"Quepos, Heredia, San José, Pérez Zeledón, Moravia, Escazú, Guápiles, Atenas",9.6326,-84.1203
3/26/2024,1:58:00 AM,1.8,4,2 km al sureste de Piedades de Santa Ana,Tectónico en falla local,Salitral y Ciudad Colón,9.9126,-84.2095
3/25/2024,10:06:00 AM,4.4,19,60 km al suroeste de Puerto Jiménez,Tectónico por deformación interna de la placa del Coco,Catare y Pavones,8.1098,-83.6357
3/21/2024,6:00:00 PM,3.7,10,7 km al sureste de Orosi,Fallamiento local,"Orosi, Paraiso, Guarco, Tarrazú, Escazú",9.7345,-83.8284
3/16/2024,7:54:00 AM,3.7,22,18 km al noroeste de San Isidro de Pérez Zeledón,Tectónico en falla local,"Morazán, San Isidro y Peñas Brancas de Pérez Zeledón, Santa María de Dota, Cartago y Turrialba",9.4961,-83.8206
3/13/2024,12:11:00 PM,4.1,20,22 km Sur Oeste de Jacó,Tectónico por subducción,"Cóbano, Jacó, Herradura",9.5067,-84.8108
3/10/2024,5:53:00 AM,3.5,73,1 km Nor Oeste del Parque Eólico los Santos,Tectónico. Deformación interna de la placa de Coco,"Desamparados, Tejar, Aserrí, El Guarco",9.7858,-83.9995
3/10/2024,9:47:00 PM,4.7,30,85 km al oeste de Plaas del Coco,Tectónico por subducción de la placa del Coco bajo la placa del Caribe,Tamarindo y Manzanillo,10.5086,-86.504
3/10/2024,9:59:00 PM,3.8,34,50 km al oeste de Plaas del Coco,Tectónico por subducción de la placa del Coco bajo la placa del Caribe,Tamarindo y Manzanillo,10.6056,-86.2131
3/8/2024,6:15:00 AM,3.2,20,20 km Sur Oeste de Nicoya,Tectónico por Fallamiento Local,"Marbella, Ostional, Santa Cruz, Nicoya",10.0707,-85.6301
3/7/2024,2:20:00 AM,5.8,20,"90 km al suroeste de playa Garza, Guanacaste",Intra Placa Coco,"Guanacaste, Alajuela, Heredia, San José, Cartago",9.6137,-86.4576
3/7/2024,6:35:00 PM,2.1,8,5 km Sur Este de Ciudad Colón,Tectónico por Fallamiento Local,"Ciudad Colón, Brasil de Mora",9.9013,-84.1974
3/4/2024,6:51:00 PM,2.8,22,8 km al noreste de Venado de San Carlos.,Tectónico en falla local,San Miguel de Monterrey y Delicias de San Carlos,10.6056,-84.6928
3/4/2024,11:37:00 PM,3.3,8,9 km al norte de Buena Vista de Párez Zeledón,Tectónico en falla local,Rivas de PZ y Tayutic de Turrialba,9.5868,-83.6674
3/3/2024,9:51:00 PM,4,22,"2.5 km al noreste de Plaza Caisán, Panamá",Tectónico por falla local,"Río Claro de Golfito, San Vito y Boquete en Chririquí, Panamá.",8.7497,-82.7989
2/28/2024,3:55:40 PM,4.1,27,"9 km hacia el Sureste de Parrita, Puntarenas.",Subduccion,"Parrita, Quepos",9.4514,-84.2832
2/24/2024,4:11:00 AM,3.6,4,4 km al suroeste de Orosi,Fallamiento local,"Orosi, Paraiso, Guarco, Turrialba, Desamparados, Aserrí, Curridabat, Moravia, Guadalupe",9.7629,-83.8833
2/23/2024,9:16:00 AM,3,7,3 km al noreste de División de Pérez Zeledón,Fallamiento local,San Isidro de El General,9.5128,-83.6793
2/23/2024,2:54:00 PM,2.7,10,8 km al noroeste de San Isidro de El General,Fallamiento local,San Ramón Sur de Pérez Zeledón,9.4449,-83.7198
2/21/2024,10:02:00 PM,2.5,10,8 km al noroeste de San Isidro de PZ,Tectónico por falla local,San Isidro i Miravalles de Pérez Zeñedón,9.4425,-83.7263
2/20/2024,9:29:00 AM,3,12,8 km al noroeste de San Isidro de El General,Fallamiento local,Pérez Zeledón,9.4402,-83.7276
2/20/2024,8:33:00 PM,2.2,5,5 km al suroeste de Orosi,Tectónico por falla local,Orosi,9.7589,-83.888
2/17/2024,2:24:00 AM,3.6,7,13 km al noreste de Vara Blanca,Tectónico por falla local,"Vara Blanca, Sarchí, Fraijanes, Cariblanco, Sarapiquí, Carrizal y San Pedro de Póas",10.2656,-84.0983
2/17/2024,2:58:00 AM,3.3,11,8 km al norte de San Isidro de El General,Fallamiento local,Pérez Zeledón,9.4426,-83.7311
2/17/2024,6:59:00 AM,3.9,12,8 km al noroeste de San Isidro de PZ,Tectónico por falla local,"San Isidro, Los Santos, Dominical",9.4417,-83.726
2/17/2024,12:54:00 PM,3.1,12,8 km al noroeste de San Isidro de PZ,Tectónico por falla local,"San Isidro, Buenavista, Barú",9.4393,-83.7221
2/16/2024,2:01:00 AM,3.7,82,Santo Domingo de Heredia,Deformación interna de la Placa Coco,Valle Central,9.9877,-84.0797
2/16/2024,8:29:00 PM,4.8,13,8 km al norte de San Isidro de Pérez Zeledón,Tectónico por falla local,"San Isidro, Los Santos, Cartago, Dominical, Quepos, Jacó, Turrialba y Valle Central",9.4451,-83.715
2/16/2024,7:10:00 PM,3.7,14,7 km al norte de San Isidro de El General,Fallamiento local,San Isidro de El General,9.4361,-83.707
2/16/2024,7:31:00 PM,3.4,12,6 km al este de Cariblanco,Fallamiento local,Sarapiquí,10.2621,-84.1243
2/16/2024,10:46:00 PM,4.3,12,8 km al norte de San Isidro de PZ,Tectónico por falla local,"San Isidro, Buenavista, Barú, Cartago, Turrialba y Valle de La Estrella",9.4452,-83.7302
2/16/2024,11:54:00 PM,3.3,13,8 km al norte de San Isidro de El General,Fallamiento local,Pérez Zeledón,9.4401,-83.7185
2/11/2024,12:15:00 AM,2.8,12,3 km Sur Este de Valencia de Pérez Zeledón,Tectónico por Fallamiento Local,"Valencia, Pérez Zeledón, Barú",9.4364,-83.7093
2/11/2024,11:43:00 PM,4.3,9,32 km al suroeste de playa Dominical,Inter placa Panamá,"Pérez Zeledón, Ciudad Cortés, Río Claro, Dominical, Palmar Norte, Valle Central",9.0211,-84.0729
2/11/2024,11:55:00 PM,4.6,29,32 km al suroeste de playa Dominical,Intra placa Cocos,"Pérez Zeledón, Ciudad Cortés, Río Claro, Dominical, Palmar Norte, Valle Central",9.0731,-84.1074
2/10/2024,1:28:20 AM,4.7,27,"6.20 km hacia el Sureste de Puerto Armuelles, Panama.",Tectonico por Subduccion,"Puerto Armuelles, Peninsula de Burica",8.2307,-82.827
2/10/2024,1:55:00 PM,3.4,11,4 Km Oeste de Valencia de Pérez Zeledón,Tectónico por Fallamiento Local,"Valencia, Barrio Unesco, Pérez Zeledón",9.4486,-83.6948
2/10/2024,4:35:00 PM,3.3,12,500 metros sur de la Iglesia de Valencia de Pérez Zeledón,Tectónico por Fallamiento Local,"Valencia, Pérez Zeledón, Barú",9.4472,-83.7277
2/10/2024,5:53:00 PM,3.1,13,4 km Este de Valencia de Pérez Zeledón,Tectónico por Fallamiento Local,Valencia y Pérez Zeledón,9.4423,-83.7124
2/5/2024,8:30:00 AM,3,4,2 km Oeste de Tierras Morenas de Coronado,Fallamiento Local,"Coronado, Ipís, Rancho Redondo, El Carmen, San Pedro",10.0561,-83.9314
2/4/2024,6:49:00 PM,4.3,13,8 km al norte de San Isidro de Pérez Zeledón,Tectónico por falla local,"San Isidro, Miravalles, Saavegre, Peñas Blancas y Palmares, todos de Peréz Zeledón; Valle del Guarco,",9.448,-83.7091
2/4/2024,10:38:00 PM,3.2,11,7 km Nor Oeste de Rivas de Pérez Zeledón,Fallamiento Local,Pérez Zeledón,9.4458,-83.7201
2/3/2024,3:40:00 AM,4,12,8 km al noroeste de San Isidro de Pérez Zeledón,Tectónico por falla local,"San Isidro, Miravalles, Palmares, , todos de Pérez Zeledón, Turrialba y Osa",9.4457,-83.725
1/31/2024,12:02:00 AM,2.2,6,"San Luis de Santo Domingo, Heredia",Fallamiento local,Valle Central,10.0012,-84.0325
1/31/2024,12:05:00 AM,1.9,4,"San Luis de Santo Domingo, Heredia",Fallamiento local,Valle Central,9.9992,-84.0456
1/31/2024,12:46:00 AM,2.8,6,"San Luis de Santo Domingo, Heredia",Fallamiento local,Valle Central,9.9973,-84.0503
1/30/2024,5:50:58 AM,3.8,23.6,"8.4 km hacia el Oeste de Herradura, Garabito de Puntarenas",Tectonico por Subduccion,"Herradura, Esparza",9.6429,-84.7564
1/28/2024,12:06:00 PM,3.8,22,8 km al noreste de Rincón de Osa,Tectónico por subducción,Rincón de Osa y Drake.,8.7593,-83.4387
1/27/2024,1:21:00 AM,4,23,6 km al oeste de Parrita,Tectónico por subducción,"San Ignacio de Acosta, Santa Bárbara y Escazú",9.5131,-84.383
1/27/2024,11:56:00 PM,4.6,84,40 km al suroeste de Rivas,Deformación interna de la placa del Coco,"Rivas, Peñas Blancas, La Cruz y Belén.",11.308,-86.157
1/26/2024,6:37:00 AM,3.8,44,1 km al norte de Matapalo,Tectónico por deformación interna de la placa del Coco,"Tibás, Pavas, Sabanilla, Cartago",9.3364,-83.9623
1/25/2024,5:50:00 PM,5,47,2 km Nor Oeste de Playa Matapalo de Aguirre,Deformación Interna de la Placa de Coco,"Fuerte en Matapalo, Aguirre, y Valle Central",9.323,-83.9773
1/24/2024,12:11:00 PM,4.5,31,18 km Suroeste de Playa Hermosa de Osa. Puntarenas,Fallamiento Interno en la Placa de Coco,Zona Sur y leve en el Valle Central,9.0543,-83.8832
1/22/2024,7:29:00 PM,3,15,7 km al norte de San Isidro de Pérez Zeledón,Tectónico por falla local,"San Isidro, Miravalles, San Ramón y Rivas de Pérez Zeledón.",9.4311,-83.7131
1/20/2024,8:38:52 AM,4.7,31,"5 km hacia el Sureste de Manuel Antonio, Quepos",Deformación interna de la placa del Coco,"Manuel Antonio, Quepos, Jaco, Pérez Zeledón, Heredia, San Ramón, Desamparados, Moravia, Alauela",9.3092,-84.1589
1/20/2024,9:54:00 AM,2.3,6,3 km al sureste de Ciudad Colón,Tectónico en falla local.,"Ciudad Colón, Santa Ana, Escazú, Pavas y Alajuelita.",9.8976,-84.2215
1/16/2024,5:06:00 PM,4.3,29,7 km al sur de Quepos,Tectónico por subducción,"Quepos, Los Santos, Jacó, Buenos Aires y Valle Central",9.3049,-84.1612
1/15/2024,12:13:00 PM,3.6,20,10 km Sur Oeste de la. Ciudad de Limón,Tectónico por cavalgamiento de la placa de Panamá sobre la placa del Caribe,Limón,9.9134,-83.1098
1/13/2024,11:50:00 AM,3.9,19,30 km Este de Cabo Blanco,Tectónico por Subducción,"Cóbano, Jacó, Punta Leona",9.567,-84.8348
1/13/2024,10:36:00 PM,3,7,2.5 km al Sur de Frailes de Desamparados,Tectónico por Fallamiento Local,"Higuito del Guarco, San Cristóbal Norte, Brasil de Mora, Aserrí, Desamparados,San Antonio de León Cortés entre otros",9.7274,-84.058
1/12/2024,9:18:00 PM,2.4,7,4 km Sur Oeste de San Cristóbal Sur. Desamparados,Tectónico por Fallamiento Local,Brasil de Mora y Frailes,9.7238,-84.0514
1/11/2024,7:44:00 PM,4.1,20,10 km NorNoroeste de Playa Conchal. Guanacaste,Subducción,"Conchal, Brasilito, Belén, entre otros",10.4242,-85.8967
1/10/2024,12:19:00 AM,3.2,13,5 km Norte de Florida de Dota.,Fallamiento Local,"El Guarco, Tarrazú, Aserrí, Desamparados y Zona de los Santos",9.6869,-83.9335
1/9/2024,8:57:00 AM,3.1,6,"3 km Nor Oeste de Abejonal. San Pablo, León Cortés",Tectónico por Fallamiento Local,"Desamparados , Zona de Los Santos, Cartago",9.728,-84.0598
1/9/2024,11:33:00 PM,3.9,55,1.5 km al Nor Este de Coyolar de Acosta.,Intraplaca Coco,"Acosta, Santa Ana, Atenas, Cartago, Desamparados, Alajuela, Aserrí, Curridabat entre otros.",9.7844,-84.2457
1/5/2024,9:19:48 PM,4,74,2.5 km hacia el Sur de Grecia,Deformación interna de la placa del Coco,"Puriscal, Grecia, Escazú, Atenas, heredia, Palmares, Cartago, San Ramón, Tibás, Curridabat, Belén",10.0476,-84.3087
1/1/2024,6:19:06 AM,2.9,5.3,2.4 km hacia el Sur de Frailes de León Cortés,Fallamiento local,"Escazú, Aserrí, Frailes",9.73,-84.0493
12/29/2023,7:47:21 AM,3.1,6.6,"Cercanías de Bajo Gamboa de León Cortes, San José",Fallamiento local,"Frailes, Desamparados, San Marcos, Bajo los Gamboa. Bajo Corralillo,",9.7328,-84.0481
12/18/2023,6:36:00 PM,4.5,9,1.8 km al suoeste de Frailes,Tectónico por falla local,"Valle Central, Los Santods, San Isidro de Peréz Zeledon, Quepos, Puntarenas, Turrial",9.7366,-84.0587
12/18/2023,6:47:00 PM,2.34,8,0.5 km al noreste de Frailes de Frailes,Tectónico por falla local,"Cartago, Tucurrique, Coronado y Pavas",9.7545,-84.0535
12/18/2023,6:48:00 PM,2.15,8,2 km al sur de Frailes de Frailes,Tectónico por falla local,"Cartago, Desamparados",9.7301,-84.0536
12/18/2023,6:57:00 PM,2.2,10.5,2 km al sur de Frailes de Frailes,Tectónico por falla local,"Cartago, Tucurrique, Coronado, Pavas",9.7341,-84.0538
12/18/2023,7:12:00 PM,2.2,4.5,2.5 km al suroeste de Frailes de Frailes,Tectónico por falla local,Los Santos,9.731,-84.0633
12/18/2023,9:25:00 PM,2.6,8,3 km al suroeste de Frailes de Frailes,Tectónico por falla local,"Los Santos, Desamparados",9.731,-84.0633
12/17/2023,4:21:00 PM,1.8,4,300 metros Sur Oeste del Liceo de Calle Fallas. Desamparados,Tectónico por Fallamiento Local,"Desamparados, San Fco de dos Ríos, Paso Ancho",9.8895,-84.0736
12/14/2023,4:54:00 PM,3.3,15,10 km NorOeste de Pérez Zeledón,Tectónico por Fallamiento Local,Pérez Zeledón,9.3904,-83.7907
12/13/2023,9:13:00 PM,3.7,29,10 Km Norte de Quepos,Tectónico por Subducción,"Quepos, Valle Central, Zona de Los Santos, Cerro de la Muerte y Pérez Zeledón",9.5175,-84.152
12/10/2023,6:03:00 AM,4.1,38,6 km al SW de Punta Uvita,Tectónico por deformación interna de la placa del Coco,"Dominical, San Isidro de Pérez Zeledón y Bahía Drake",9.1847,-83.8836
12/7/2023,9:43:00 PM,4.2,56,9 km Norte de Río Claro de Golfito,Intraplaca Nazca,San Vito y Río Claro,8.7558,-83.0499
12/5/2023,6:35:00 PM,1.5,5,7 km Sur Suroeste de Santa Elena. Monteverde,Fallamiento Local,Monteverde y la Sierra de Abangares,10.259,-84.8535
11/28/2023,9:45:00 PM,3.3,8,6 km al noroeste de San Pablo de León Cortés,Fallamiento local,"Desamparados, Aserrí, Santa Ana, El Guarco, Los Santos, Tarrazú, Cartago",9.7357,-84.0547
11/27/2023,6:35:00 AM,4.1,28,9 km al Suroeste de San Isisdro de Pérez Zeledón,Tectónico por subducción,Miravalles y San Isisdro de Pérez Zeledón,9.2954,-83.7364
11/27/2023,8:27:00 PM,4.6,30,20 km al este de Punta Burica,Zona de Fracturas de Panamá,Puerto Armuelles y San Vito,8.0394,-82.7002
11/23/2023,9:06:00 PM,4,4,16 km al Noroeste de San Isidro de El General,Tectónico en falla local,"Páramo, Villa Mils, Buena Vista, Villa Ligia, Morazán, San Isidro, Palmares, Quebradas, Paraiso y Quepos.",9.5097,-83.749
11/18/2023,12:42:00 AM,3.9,13,8 km al suroeste de Esterillos Oeste,Tectónico por subducción,Jacó y Herradura,9.4447,-84.5659
11/18/2023,10:44:00 PM,2.1,5,1.5 km al Sureste de Ciudad Colón.,Tectónico por falla local,"Ciudad Colón, Santa Ana, Lindora, Río Oro, Valle del Sol, Guachipelín, Piedades, Belén y Birrí,",9.9058,-84.2328
11/16/2023,4:49:00 AM,3.4,8,1.5 km al Sur de Frailes de Desamparados,Tectónico en falla local,"Desamparados, Los Santos, Cartago, Aserrí, San José, Escazú, Santa Ana",9.7367,-84.0521
11/16/2023,10:22:00 PM,2.4,4,5 km al noroeste de San Pablo de León Cortés,Fallamiento local,Aserrí y Río Conejo de los Santos,9.7314,-84.0513
11/16/2023,10:29:00 PM,2.4,6,5 km al noroeste de San Pablo de León Cortés,Fallamiento local,Aserrí y Río Conejo de los Santos,9.7325,-84.0522
11/14/2023,1:01:00 PM,3.8,110,7 km al sureste de Pozo Azul de Sarapiquí,Deformación interna de la placa del Coco,"Esparza, Palmares",10.2649,-84.1278
11/9/2023,3:02:00 AM,2.2,6,2 km Sur Sureste de Colón de San Carlos. Alajuela,Tectónico por Fallamiento Local,Colón y Ciudad Quesada,10.2862,-84.4013
11/6/2023,2:53:00 AM,2.8,11,3 km al sureste de San Gabriel de Aserrí,Fallamiento local,"Aserrí, Desamparados, Santa Ana,Escazú, Alajuelita, Goicoechea, El Guarco",9.7752,-84.0776
11/4/2023,3:48:00 PM,3.4,8,17 km al Noreste de San Isidro de Pérez Zeledón.,Tectónico por falla local,"La Piedra, Rivas y San Isidro de Pérez Zeledón.",9.5214,-83.6671
11/1/2023,12:11:00 AM,4.9,21,30 km al suroeste de Uvita,Subducción,"Valle Central, Zona de los Santos, Zona Sur",9.0172,-84.03
10/29/2023,4:57:00 AM,3.7,33,"14 km al Noroeste de Tamarindo, Guanacaste",Tectónico por subducción,"Playa Negra, Playa Grande, Santa Cruz,",10.383,-85.9434
10/29/2023,7:07:00 PM,4.4,29,20 km al Sureste de Quepos,Tectónico por subducción,"Quepos, Jacó Pérez Zeledón, Los Santos, Valle Central",9.2619,-84.1036
10/25/2023,7:56:00 PM,2.2,8,"4 km al Sur de Tejar del Guarco, Cartago",Tectónico por fallamiento local,Aserrí y Cartago,9.8071,-83.9621
10/25/2023,8:13:00 PM,2.3,7,"4 km al Sur de Tejar del Guarco, Cartago",Tectónico por fallamiento local,Aserrí y Cartago,9.8049,-83.9592
10/21/2023,4:45:00 AM,5.4,5,"7 km al Sures de Villa Mils, Cerro de la Muerte",Tectónico en falla local,"San Isidro de Pérez Zeledón, Dominical, Quepos, Valle Central, Turrialba, Guácimo, Guápiles, Cahuita y San Carlos.",9.5217,-83.6499
10/21/2023,6:33:00 AM,4.4,7,7 km Sur Este de Villa Mils,Tectónico por Fallamiento Local,"Pérez Zeledón, Valle Central",9.5111,-83.6671
10/21/2023,6:55:04 AM,3.6,7,7 km Sur Este de Villa Mils,Tectónico por Fallamiento Local,Pérez Zeledón y Valle Central,9.5297,-83.6415
10/21/2023,6:55:23 AM,4.2,10,10 km Sur Este de Villa Mills,Tectónico por Fallamiento Local,Pérez Zeledón y Valle Central,9.488,-83.6583
10/16/2023,1:49:00 AM,2.8,6,1 km Sur Oeste de Aguas Claras de Upala. Barrio la Ceiba.,Fallamiento Local,Aguas Claras,10.8189,-85.1813
10/16/2023,5:26:00 PM,4,16,4.5 Km Noreste de Picagres de Mora,Fallamiento Local,Valle Central,9.9276,-84.3114
10/13/2023,1:24:00 PM,4.3,37,4 Km Sur Este de Fila Naranjo. Coto Brus. Puntarenas,Intraplaca Coco,"Coto Brus, Buenos Aires, Golfito",8.905,-82.9172
9/15/2023,12:11:00 PM,3.5,16,5 km al Suroeste de Orotina,Tectónico por falla local,"Orotina, San Mateo, Esparza y San Ramón",9.8952,-84.5633
9/15/2023,12:12:00 PM,3.8,18,5 km al Suroeste de Orotina,Tectónico por falla local,"Orotina, San Mateo, Esparza, San Ramón. Jacó, Palmares, Barranca, Atenas, Alajuela y Santa Bárbara",9.8923,-84.5616
9/15/2023,12:24:00 PM,3.6,14,5 km al Suroeste de Orotina,Tectónico por falla local,"Orotina, San Mateo, Esparza, San Ramón. Jacó, Palmares, Barranca, Atenas",9.8808,-84.5501
9/5/2023,7:55:00 PM,2.9,6,12 km al noreste de San Isidro de Heredia,Fallamiento local,"San Isidro de Heredia, Moravia, Coronado, Guadalupe, Tibás",10.0366,-83.9451
8/28/2023,10:59:00 PM,5.8,10,110 km al noreste de Ciudad Panamá,Cavalgamiento del bloque de panamá sobre la placa caribe,"Ciudad Panamá, Cocles, Leve en Limón",9.941,-79.0817
8/26/2023,10:13:00 AM,4.1,21,3 km Nor Oeste de. Puerto Pilón. Golfito,Fallamiento Local,"Playa Zancudo, Playa Real y Alto Comte",8.4568,-83.1063
8/20/2023,11:20:00 AM,3.5,21,9 km al Noroeste de Golfito,Deformación interna de la placa del Coco,Golfito y Río Claro,8.689,-83.238
8/17/2023,7:25:22 PM,3.5,13.3,4.3 km hacia el Suroeste de Tres Equis de Turrialba,Fallamiento local,"Turrialba, Guacimo",9.9293,-83.5987
8/15/2023,10:18:00 PM,2.8,6,5 km Este de Alto La Palma. Coronado,Fallamiento Local,"Coronado, Moravia, San Isidro de Heredia",10.0577,-83.9487
8/13/2023,11:52:00 PM,2.5,2.33,6 km hacia el Noreste de San Isidro de Heredia,Fallamiento local,"Coronado, Tres Ríos, Moravia",10.0434,-83.9463
8/11/2023,2:26:12 PM,4.7,19,50 km hacia el Suroeste de Uvita en Puntarenas,Intra placa del Coco,"Heredia, Guadalupe, Barva, Alajuelita",8.9632,-84.1737
8/9/2023,9:39:00 AM,2.9,7,Cercanías de Llano Los Angeles. Cartago,Fallamiento Local,"Jericó de Desamparados, Aserrí y Desamparados",9.7714,-84.036
8/9/2023,1:50:00 PM,3.2,4,10 km al Noreste de San Isidro de Heredia,Fallamiento local,"San José, Heredia y Cartago",10.0505,-83.9393
8/9/2023,1:54:00 PM,3.9,6,10 km al Noreste de San Isidro de Heredia,Fallamiento local,"San José, Heredia y Cartago",10.0444,-83.943
8/9/2023,7:57:00 PM,3.1,6,10 km al Noreste de San Isidro de Heredia,Fallamiento local,"San José, Heredia y Cartago",10.0397,-83.943
8/9/2023,8:02:00 PM,3.2,6,10 km al Noreste de San Isidro de Heredia,Fallamiento local,"San José, Heredia y Cartago",10.0502,-83.9484
8/9/2023,8:06:00 PM,3.3,6,10 km al Noreste de San Isidro de Heredia,Fallamiento local,"San José, Heredia y Cartago",10.0435,-83.9436
8/8/2023,4:07:00 AM,3.2,9,13 km al sureste de Orosi de Cartago,Fallamiento local,"Orosi, Paraiso, La Unión, Oreamuno, Desamparados, San José",9.6796,-83.8144
8/6/2023,5:32:00 PM,5,30,15 km al Noroeste de Punta Burica,Tectónico en la Zona de Fracturas de Panamá,"Punta Burica, Río Claro, Puerto Jiménez, Bahía de Drake, Buenos Aires, Guápiles.",8.1409,-82.9451
8/2/2023,7:25:00 PM,6.2,25,285 km al Sur de Punta Burica,Tectónico en la Zona de Fracturas de Panaá,Zona Sur y Valle Central,5.444,-82.7794
7/23/2023,10:32:51 AM,3.5,2,8.6 km Hacia el Noreste de Angel Arriba de Buenos Aires de Puntarenas.,Fallamiento local,"Pérez Zeledón, Buenos Aires de Puntarenas, Barva de Heredia,",9.3359,-83.4064
7/22/2023,12:15:43 AM,2,2.95,"1.3 km hacia el Sur de Tobosi, Cartago, Patarrá y Aserrí",Fallamiento local,"Cartago, El guarco, Tobosi",9.8242,-83.9874
7/18/2023,6:22:00 PM,6.5,70,"43 km S of Intipucá, El Salvador",Deformacion interna de la placa del Coco,"Peninsula de Nicoya, Norte de Costa Rica",12.814,-88.127
7/11/2023,11:58:00 PM,4,7,1 km al sureste de Ciudad Colón,Fallamiento local,"San José, Heredia, Alajuela y Cartago",9.9059,-84.2354
7/2/2023,3:58:00 PM,4.1,37,19 km Nor Oeste de Uvita. Pacifico Central,Subducción,"Uvita, Dominical y Valle Central,.",9.1503,-83.9283
7/2/2023,7:11:00 PM,3.3,24,3 km sur de San Marcos de Tarrazú,Tectónico por Fallamiento Local,"San José, Alajuela, Cartago",9.6393,-84.0209
7/2/2023,8:58:00 PM,2,9,6 km al Noreste de San Isidro de Heredia,Tectónico en falla local.,San Isidro de Heredia y Concepción de San Rafael.,10.0643,-84.0346
6/28/2023,11:54:00 PM,2.5,6,3 km al Noreste de Vara Blanca,Tectónico en falla local,San Rafael de Vra Blanca y San Pedro de Poás,10.1815,-84.1277
6/22/2023,4:54:00 PM,4.1,32,4 km sur de Sabalos de Golftio,Tectónico por Subducción,Zona Sur,8.4669,-83.087
6/19/2023,2:15:00 AM,4.4,4,13 km al Noreste de Jacó,Tectónico por falla local,"Jacó, Esparza, Orotina, Puntarenas, San Ramón, Valle Central",9.6855,-84.5339
6/19/2023,11:26:00 PM,3.2,6,14 km al Noreste de Jacó,Tectónico por falla local,Herradura y Punta Leona,9.6975,-84.5342
6/14/2023,10:15:00 AM,2.1,8,Piedades de Santa Ana,Fallamiento local,"Belén, San Rafael, Santa Ana, Ciudad Colón, Puriscal",9.924,-84.2143
6/13/2023,11:10:00 PM,3.7,55,12 km al suroeste de San Marcos de Tarrazú,Deformación interna de la Placa de Coco,"Quepos, Puriscal, Acosta, El Guarco, Desamparados, Pavas, Alajuelita, Heredia",9.5536,-84.0713
6/12/2023,10:24:00 AM,2.8,11,9 km Sur Oeste de Ciudad Colón,Fallamiento Local,Brasil de Mora y Piedades,9.8864,-84.3224
6/12/2023,9:52:00 PM,3.8,25,19 km al Noroeste de Golfito,Tectónico por subducción,"Piedras Blancas, Palmar Sur, Palmar Norte, Golfito, Río Claro, Buenos Aires",8.7323,-83.3296
6/11/2023,2:14:00 AM,1.8,5,5 km al Sureste de Santa Ana,Tectónico por falla local,Escazú y Alajuelita,9.8913,-84.172
6/7/2023,10:26:00 PM,3,9,5 km al Este de La Lucha,Tectónico por falla local,"Tobosi, Cartago, Desamparados, Alajuelita, Escazú, San José, Aserrí, Tres Ríos, Alajuelita.",9.7433,-83.951
5/29/2023,7:08:00 PM,4.2,22,16 km al Sureste de Paquera.,Tectónico por subducción,"Paquera, Tambor, Cóbano, Nicoya, Jacó, Herradura, Esparza, Santa Cruz, Puntarenas y San José.",9.6959,-84.8568
5/23/2023,1:53:00 PM,4.1,17,4 km Nor Oeste de Santa Elena. Monteverde,Fallamiento Local,"Zonas de Puntarenas, Guanacaste, Alajuela y San José",10.3261,-84.8596
5/22/2023,10:36:00 AM,4.5,55,4 km Sur Oeste de Barbacoas de Puriscal,Intraplaca Coco,"Valle Central, Orotina, Jacó, Quepos, Perez Zeledon",9.8451,-84.3785
5/21/2023,7:16:00 PM,3.1,14,4 km al Noroeste de Santa Elena de Monteverde,Tectónico por falla local.,Monteverde y Tilarán,10.3265,-84.8615
5/20/2023,11:13:00 AM,3.5,20,20 km al oeste de Playa Herradura,Subducción,Jacó,9.6306,-84.8505
5/18/2023,2:06:00 PM,3.4,10,1 km al sur de Division de Perez Zeledon,Fallamiento local,"Rivas, Morazán, Jardín de Páramo",9.4964,-83.7071
5/18/2023,3:49:00 PM,3.8,10,1 km al Suroeste de División de Pérez Zeledón.,Tectónico por falla local,"Páramo, División, Rivas, La Piedra y San Isisdro de Pérez Zeledón.",9.4942,-83.7191
5/13/2023,12:14:00 PM,3.3,8,5.5 km al Noreste de San Isidro de Heredia,Tectónico por falla local.,"San Isidro, Barva, San José de la Montaña, Santa Bárbara, San Pablo, San Rafael, Heredia, Santo Domingo, Coronado, San Pedro",10.0642,-84.0337
5/13/2023,2:14:00 PM,2.3,10,5 km al Noreste de San Isidro de Heredia,Tectónico por falla local,San Isidro y San Rafael de Heredia,10.0607,-84.0366
5/12/2023,8:50:00 AM,2.6,6,6 km al Noreste de San Isidro de Heredia,Tectónico por falla local.,"San Isidro, Barva, San José de la Montaña, Heredia y Moravia y Buena Vista de Barva de Heredia",10.0714,-84.0318
5/12/2023,10:49:00 AM,4,18,4 km al sur oeste de Bribri,Choque de Placa Panamá con Placa Caribe,"Puerto Viejo, Chase, Bananito sur",9.5938,-82.8792
5/12/2023,2:42:00 PM,3.8,52,5 km al sur de San Ignacio de Acosta,Deformación interna de placa Coco,"Escazú, Acosta, Guadalupe, Cartago, Moravia, Naranjo",9.7507,-84.1718
5/12/2023,4:18:00 PM,3.6,10,2.5 km al Noreste de Concepción de San Rafael de Heredia.,Tectónico por falla local.,"San Isidro, Barva, San José de la Montaña, Santa Bárbara, San Pablo, Heredia, Santo Domingo, Desamparados de Alajuela, Curridabad, Moravia, San Joaquín, La ribera, San José, San Pedro, Guadalupe",10.0433,-84.0215
5/11/2023,10:50:00 PM,2,4,6 km al Noreste de San Isidro de Heredia,Tectónico por falla local.,San Isidro y Buena Vista de Barva de Heredia,10.0731,-84.0333
5/8/2023,8:28:00 PM,4.9,80,"27 km al Suroeste de La Cruz, Guanacaste",Deformación interna de la porción subducida de la placa del Coco,"La Cruz, Flamingo,Liberia, Nicoya, Santa Cruz, Nosara, Huacas, Sardinal, Carrillo, Playas del Coco",11.0289,-85.8707
5/2/2023,5:34:00 PM,4.1,55,18 km al Noreste de Quepos,Deformacion interna de la porcion subducida de la placa del Coco,"Desamparados, Alajuelita, Perez Zeledon, Atenas, Guadalupe",9.47,-83.9936
5/1/2023,7:20:00 AM,2.3,7,"3 km al Sureste de San Rafael Arriba de Dasamparados, San José.",Tectónico por falla local.,San Rafael Arriba de Desamparados,9.8539,-84.057
4/26/2023,11:02:00 AM,3.7,42,6 km al Suroeste de Quepos,Tectónico por deformación interna de la placa del Coco,Quepos,9.3961,-84.2059
4/23/2023,3:52:00 AM,3.2,22,9 km al Noreste de la Ciudad de Limón.,Tectónico por falla local.,Limón centro.,10.07,-82.99
4/17/2023,5:54:00 AM,3.4,18,Limón Centro,Cinturón Deformado del Norte de Panamá,Limón Centro,9.9981,-83.0633
4/16/2023,9:31:00 AM,3.6,7.5,4 km al Sureste de Bijagua de Upala,Tectónico por falla local.,"La Unión Ferrer de Fortuna de Bagaces, Bijagua, Upala, San Bernardo y Río Naranjo de Bagaces, Canalete, Guayabo.",10.7102,-85.0262
4/14/2023,10:18:00 PM,4.5,21,21 km al suroeste de Punta Burica,Zona de Fractura de Panamá,"Cartago, San Jose, Santa Ana, Heredia",7.8542,-82.9789
4/8/2023,7:26:00 AM,3.4,7,17 km Nor Oeste de Pérez Zeledón,Fallamiento Local,"Angostura, San Andrés y Salvador de Barú de de Pérez Zeledón,",9.4418,-83.8407
4/8/2023,4:52:00 AM,2,2.5,1 km al sureste de Tablón del Guarco.,Tectónico por falla local.,Porvenir de Desmparados y Aserrí.,9.8233,-83.9994
4/8/2023,6:51:00 PM,3.3,81,20 km al suroeste de La Cruz de Guanacaste,Tectónico por deformación interna de la placa del Coco,Playas del Coco y Portegolpe.,10.8993,-85.6722
4/7/2023,8:48:00 AM,3.7,23,25 km al norte de San Vito de Coto Brus.,Tectónico por falla local.,San Vito y Sabalito,9.0408,-82.9692
4/7/2023,7:03:00 PM,2.2,3,4.5 km al suroeste de Orosi.,Tectónico por falla local.,Orosí y Muñeco.,9.7635,-83.8818
4/6/2023,12:39:00 AM,5.1,45,42 km al Norte de Peñas Blancas,Tectónico por Fallamiento Local,Zona Norte de Costa Rica,11.593,-85.645
4/4/2023,4:18:00 PM,6.8,30,150 km al Sur de David Panamá,Zona de Fractura de Panamá,Todo el país,7.0259,-82.4969
3/29/2023,12:49:00 PM,4.3,15,56 Km Oeste de Las Catalinas. Guanacaste,Intraplaca Coco,"Huacas, Sardinal, Potrero, Playas del Coco, Brasilito, Bebedero",10.4741,-86.3018
3/26/2023,8:05:00 AM,2.7,2,8 km al Norte de San Rafael de Vara Blanca,Tectónico por falla local.,"Cinchona, Vara Blanca",10.2449,-84.1251
3/26/2023,8:24:00 AM,4.2,94,2.5 km al Noroeste de Bajos del Toro,Tectónico por deformación interna de la placa del Coco,Valle Central,10.2261,-84.3181
3/25/2023,8:24:00 PM,3.8,71,1.5 km al sureste de La Lucha,Tectónico por deformación interna de la placa del Coco,"Valle Central (multiples lugares), Paraiso, Pacayas, Turrialba, Palmares, Naranjo, Atenas, Orotina, Heredia, Barva, Carrizal, San Ramón",9.7269,-83.99
3/20/2023,7:44:00 PM,5.7,21,17 km Sur Suroeste de Manuel Antonio. Pacífico Central,Tectónico por Subducción,Valle Central y Zona Sur,9.2403,-84.232
3/20/2023,9:54:00 PM,4,33,10 km al Sur de San Marcos de Tarrazú,Intraplaca Cocos,Valle Central,9.5748,-84.007
3/19/2023,3:52:00 AM,4.4,5,"72 km al oeste de Playa del Coco, Guanacaste",Subduccion,"Playa del Coco, Guanacaste",10.5071,-86.3428
3/17/2023,6:22:00 PM,3.2,3,"Vara Blanca, Alajuela",Fallamiento local,"Carrizal, Vara Blanca, Heredia, Santa Barbara, Barva",10.2104,-84.1265
3/16/2023,2:49:04 PM,3,2,"14 km NE de Curubandé de Liberia, Guanacaste",Fallamiento local,"Reportado fuerte en Sector Las Pailas, Área Conservación Guanacaste",10.7852,-85.3068
3/16/2023,2:49:04 PM,3,2,"14 km NE de Curubandé de Liberia, Guanacaste",Fallamiento local,"Reportado fuerte en Sector Las Pailas, Área Conservación Guanacaste",10.7852,-85.3068
3/15/2023,1:00:00 AM,3.2,42,5 km al sureste de Quepos,Deformación interna de placa Coco,"Escazú, Acosta, Aserrí, Curridabat, Santa Ana, Heredia",9.413,-84.1158
3/14/2023,1:44:00 PM,4.2,14,17 km Nor Este de San Vito.,Zona de Fractura de Panamá,"Agua Buena, San Vito,Río Claro, La Lucha Gutiérrez Brown,",8.9053,-82.8401
3/11/2023,6:16:56 AM,3.1,2.5,Vara Blanca,Deformacion interna de la Placa del Coco,"San Carlos, Cariblanco, Poasito, Poas, Sarapiquí",10.2506,-84.1358
3/11/2023,6:16:56 AM,3.1,2.5,Vara Blanca,Fallamiento local,"San Carlos, Cariblanco, Poasito, Poas, Sarapiquí",10.2506,-84.1358
3/11/2023,6:04:09 AM,2.2,4.5,Vara Blanca,Fallamiento local,La Virgen de Sarapiquí,10.2355,-84.1376
3/11/2023,8:43:00 AM,3,4,3 km Este de la Antigua Cinchona,Fallamiento Local,"Nueva Cinchona, Poasito, Vara Blanca.",10.2291,-84.1422
3/11/2023,11:08:43 AM,4.8,21,57 km hacia el SurOeste de Uvita de Puntarenas,Deformación interna de la placa del Coco,"Perez Zeledón, Valle Central, Puerto Jimenez y Buenos Aires de Puntarenas",8.9496,-84.2197
3/11/2023,7:59:42 PM,3.5,17,50 km hacia el Suroeste de Uvita de Puntarenas,deformacion interna de la placa del Coco,"Palmares, Alajuelita.",8.9665,-84.1911
3/10/2023,9:49:15 AM,4.1,28,48 km hacia el SurOeste de Uvita de Puntarenas,Deformacion interna de la Placa del Coco,"Moravia, Escazú, Heredia",8.9847,-84.1729
3/10/2023,2:57:00 PM,3.3,16,50 km Sur de Quepos,Tectónico por Subducción,Leve en el Valle Central,8.9551,-84.2126
3/10/2023,4:01:46 PM,4.4,5,"93 km NE de Isla del Coco, Costa Rica",Fallamiento en placa Coco,Isla del Coco,6.24,-86.7
3/9/2023,8:41:00 AM,2.7,4,2 km Sur Oeste de Quebradilla de Cartago,Fallamiento Local,Cartago y San José,9.8263,-84.0031
3/6/2023,12:33:00 AM,3.1,4,1.4 km Este de San Rafael de Vara Blanca,Fallamiento Local,"Cinchona y Vara Blanca, Grecia, San Carlos, Hatillo",10.1717,-84.1234
3/6/2023,12:43:00 AM,2.8,3,3 km Nor Este de San Rafael de Vara Blanca.,Fallamiento Local,Cinchona y Vara Blanca,10.1916,-84.1146
3/2/2023,10:50:00 AM,4.6,60,9 km Nor este de Judas de Chomes,Intraplaca,"Fuerte en Esparza, Miramar, Puntarenas, jacó, Grecia, Atenas, San Ramón, Orotina, Tilarán, Cañas, y en el Valle Central",10.1428,-84.8271
2/26/2023,7:03:00 AM,4.8,23,10 km Sur Este de Laurel de Corredores,Tectónico por Subducción,Zona Sur de Costa Rica y Chiriquí en Panamá,8.3522,-82.896
2/25/2023,5:26:00 AM,2.4,10,7 km Nor Oeste de San Rafael de Vara Blanca,Fallamiento Local,San Rafael de Vara Blanca y La Legua,10.2318,-84.1293
2/25/2023,11:08:00 AM,4,23,14 km Sur Suroeste de División de Pérez Zeledón,Tectónico por Fallamiento Local,"Valle Central, Zona de Los Santos, San Isidro del General y Zona sur",9.4635,-83.8394
2/23/2023,6:20:00 AM,3.3,3,5 km Nor Este de San Rafael de Vara Blanca,Fallamiento Local,"Vara Blanca, San Rafael de Vara Blanca, Poás, Alajuela, Carrizal",10.2177,-84.1227
2/22/2023,2:21:00 AM,2.4,3,6 km Norte de Vara Blanca,Fallamiento Local,Vara Blanca,10.2182,-84.1557
2/22/2023,11:01:00 AM,4,24,13 km al Sur de Jacó,Tectónico por Subducción,"Jacó, Jicaral, Playa Hermosa.",9.4958,-84.625
2/21/2023,8:26:00 PM,2.7,19,Nosara,Tectónico por subducción,"Nosara, Ostional, Garza, Sámara,",9.9645,-85.6592
2/21/2023,10:31:00 PM,3.4,26,4 km al suroeste de Jacó,Tectónico por subducción,"Jacó, Herradura y Playa Hermosa",9.5994,-84.6553
2/21/2023,11:56:00 PM,2.3,4.5,5 km norte de Vara Blanca,Fallamiento Local,Vara Blanca,10.2069,-84.1577
2/20/2023,3:15:00 AM,3.3,4,"7 km al este del crater del volcan poas, Vieja Cinchona",Fallamiento local,"Carrizal, Vara Blanca, Heredia",10.2144,-84.1572
2/20/2023,3:57:00 AM,3.1,3,5 km Norte de Vara Blanca,Fallamiento Local,"Poás,Fraijanes, Carrizal y áreas cercanas",10.2134,-84.1578
2/19/2023,7:33:00 AM,3.5,6,5 km all noreste de Vara Blanca,Fallamiento local,"Carrizal, Vara Blanca, Heredia",10.1994,-84.1156
2/19/2023,7:41:00 AM,3.2,5,3 km al noreste de Vara Blanca,Fallamiento local,"Carrizal, Vara Blanca, Sarapiquí, Poasito, Santa Bárbara",10.1815,-84.1192
2/19/2023,4:56:00 PM,4.3,7,"7 km al este del crater del volcan poas, Vieja Cinchona",Fallamiento local,Valle Central,10.2074,-84.1594
2/18/2023,2:24:00 AM,5,5,3 km al noreste de Vara Blanca,Fallamiento local,Valle Central,10.1827,-84.1368
2/18/2023,2:39:00 AM,3.4,6,"7 km al este del crater del volcan poas, Vieja Cinchona",Fallamiento local,"Carrizal, Vara Blanca, Heredia",10.2176,-84.1601
2/18/2023,5:05:00 AM,2.8,3,5 km all noreste de Vara Blanca,Fallamiento local,"Carrizal, Vara Blanca",10.1971,-84.1192
2/13/2023,5:17:00 PM,3.4,12,12km al Noreste de Tilaran,Fallamiento local,"Cañas, Rio Piedras, Tilaran",10.512,-84.8659
2/5/2023,8:04:00 PM,4.4,14,35 km al Suroeste de Dominical,Tectónico por subducción,"Dominical, Quepos, Parrita, Cerro de la Muerte y Valle Central",9.0204,-84.0908
1/31/2023,7:34:00 PM,3.8,64,19 km al Suroeste de Cañas,Tectónico por deformación interna de la placa del Coco,"Nicoya, Nandayure y Matambú",10.3315,-85.2354
1/30/2023,8:11:00 AM,4.7,24,11 km al SurSuroeste de Playa Jacó,Intraplaca Coco,"Jacó, Quepos. Playa Hermosa y leve en Valle Central",9.5114,-84.6472
1/22/2023,7:34:00 PM,2.9,9,2 km Suroeste de El Tejar. Cartago,Fallamiento Local,"Cartago, Desamparados, Las Virtudes de Turrialba.",9.8308,-83.9564
1/21/2023,1:17:00 AM,4.1,22,40 km al Sur de Golfito,Tectónico por subducción,Golfito,8.2867,-83.2011
1/17/2023,5:03:00 AM,3.8,10,2 km al suroeste de Tejar del Guarco,Fallamiento local,"Cartago, Heredia, San José",9.8329,-83.9605
1/7/2023,11:54:00 PM,4.8,36,65 km al Sur de Playa garza,Tectónico por deformación interna de la placa del Coco,Península de Nicoya y Puntarenas,9.3141,-85.6415
1/1/2023,3:21:00 PM,3.5,68,10 km al Suroeste de Cartago,Tectónico por deformación interna de la placa del Coco,Valle Central,9.7962,-83.9948
12/27/2022,8:04:00 AM,3.4,7,4 km al noreste de San Gerardo de Dota,Tectónico por falla local.,"San Gerardo, San Isidro y Quebradas de Pérez Zeledón",9.5858,-83.7671
12/26/2022,11:34:12 PM,4.2,10.314,"3 km hacia el Sureste de Mata de Limón, Sixaola. Limón",Fallamiento local,"Sixaola, Limon, Manzanillo de Limon, Palmares,",9.5243,-82.5791
12/20/2022,9:34:00 PM,3.7,27,25 km al Suroeste de Jacó,Tectónico por subducción,Jacó y Tambor,9.4706,-84.7972
12/11/2022,6:47:00 PM,3.9,17,Nosara,Tectónico por subducción,"Nosara, Garza, Sámara, Nicoya, Ostional, Hojancha",9.9753,-85.6486
12/10/2022,12:42:00 AM,3.96,27,7 km al sureste de playa Dominical,Subduccion,Pérez Zeledón,9.1815,-83.8515
12/10/2022,9:07:00 PM,3.5,17,20 km al Sur de Jacó,Tectónico por subducción,Jacó y Quebrada Ganado,9.4833,-84.6396
12/9/2022,10:05:33 PM,3.7,43,"3.5 km NOO de Quebrada Onda de Nicoya, Guanacaste",Deformación placa Coco,Nicoya,10.1982,-85.3278
12/8/2022,6:35:28 PM,2.4,6,4 km NO de Centro de Alfaro Ruiz,Fallamiento local,Zarcero,10.219,-84.4005
12/3/2022,3:02:00 PM,4.3,16,2 km Nor Este de Rincón de Osa,Fallamiento Local,"Rincón de Osa, La Palma",8.717,-83.4818
12/2/2022,5:16:00 PM,2.9,8,5 km Sur Este de Bijagua de Upala.,Fallamiento Local,Bijagua y Santa Rosa de Upala,10.6879,-85.0373
11/24/2022,8:00:00 PM,2.4,15,10 km al Noreste de Horquetas de Sarapiquí,Tectónico por falla local.,Horquetas de Sarapiquí y Ró Frío,10.4239,-83.9005
11/21/2022,1:00:00 AM,4.6,35,7 km al Suroeste de Dominical,Tectónico por subducción,"Dominical, Uvita, San Isidro de PZ, Buenos Aires, San Vito y Cartago",9.1883,-83.8928
11/19/2022,12:41:00 AM,4.5,20,40 km al Sur de Puerto Viejo de Limón,Tectónico por falla local.,"Puerto Viejo, Bribi, Cahuita, Limón, San Vito, San Isidro, Turrialba.",9.3028,-82.7429
11/17/2022,3:21:00 AM,4.3,33,7 km Sur Oeste de Cambutal de Osa,Intraplaca Coco,"Zona Sur, Pacífico Central y Valle Central.",9.1722,-83.8841
11/6/2022,1:44:00 AM,2.6,7,11 km al Suroeste de Pocora de Limón,Tectónico por falla local.,La Argentina de Pocora y las Colinas de Guácimo.,10.0969,-83.674
11/3/2022,6:06:00 PM,4,24,8 Km Nor Este de Playa Dominical,Tectónico por Subducción,"Dominical, Quepos y leve en Valle Central",9.3233,-83.8442
10/30/2022,5:46:40 PM,3.7,29,"9 km SO de Parismina, Limón",Fallamiento local,Santa Cruz y Colorado de Turrialba,10.2622,-83.4213
10/23/2022,10:45:54 AM,3.7,80,500 m Norte de Dulce Nombre de Alajuela,Deformacion interna de la placa del Coco,"Grecia, Alajuela",10.1153,-84.1911
10/20/2022,5:57:00 AM,6.9,28,118 km Sur de David Panamá,Zona de Fractura de Panamá,Zona Sur y Valle Central,7.2795,-82.5298
10/18/2022,10:48:00 AM,2.9,8,7 km Sur Oeste de Orosí. Cartago,Fallamiento Local,"Cartago, Paraiso",9.7335,-83.8672
10/17/2022,8:43:00 AM,4.3,32,42 km Oeste de Tamarindo,Tectónico por Subducción,"Tamarindo, Huacas, Sardinal, Playas del Coco",10.2548,-86.2462
10/17/2022,10:18:00 PM,3.1,8,6 km Sur Suroeste de Orosí. Cartago,Fallamiento Local,Cartago y Orosí,9.7418,-83.8725
10/17/2022,11:01:00 PM,2.3,9,7 km Sur Suroeste de Orosí. Cartago,Fallamiento Local,Orosí,9.7375,-83.8772
10/16/2022,6:48:00 AM,6.5,10,130 km al Suroeste de la Isla del Coco,Falla local en la Placa del Coco,Parque Nacional Isla del Coco,4.38,-87.52
10/16/2022,8:45:01 AM,4.1,90.9,"3.5 km hacia el noroeste de Playa Rajada, Guanacaste.",Deformación interna de la placa del Coco,"Carrillo, Brasilito, Playas del Coco, Santa Cruz",11.0625,-85.8005
10/16/2022,12:53:04 PM,4.5,23,"4 km hacia el Noroeste de Puerto Armuelles, Panama",Zona de fracturas de Panama,"Puerto Armuelles, Golfito, Laureles, Corredores",8.324,-82.9029
10/14/2022,4:52:52 AM,3.1,18.5,"1 km hacia el Suroeste de Nosara, Guanacaste",Deformacion interna de la placa del coco,"Nosara, Samara",9.9686,-85.66
10/14/2022,4:00:26 AM,3.6,30,"3.5 km hacia el Sur de Dominical, Puntarenas",Deformacion interna de la placa del coco,"Dominical, Uvita",9.1894,-83.8472
10/13/2022,4:37:00 AM,3.4,34,5 km Nor Noroeste de Nambí de Nicoya,Tectónico por Subducción,"Nambí, Nicoya, Santa Cruz",10.2379,-85.5113
10/13/2022,11:58:00 PM,3.36,19,2 km al suroeste de Nosara,Intraplaca,Nosara,9.964,-85.654
10/7/2022,11:54:00 AM,3.7,16,18 km Este NorEste de Medio Queso. Los Chiles,Fallamiento Local,"Los Chiles, Cutris y Medio Queso",10.9868,-84.4461
10/6/2022,3:27:00 AM,3.1,16,15 Km Este de Medio Queso. Los Chiles,Fallamiento Local,"Los Chiles, Santa Fé, Pocosol,",10.9674,-84.4627
10/6/2022,3:30:00 AM,4.2,20,19 Km Este de Medio Queso. Los Chiles,Fallamiento Local,"Los Chiles, Santa Fé, Pocosol,",10.9746,-84.4501
10/4/2022,7:44:00 AM,2.7,8,1.7 km al Norte de San Isidro de Aguas Claras. Upala,Fallamiento Local,"San Isidro de Aguas Claras, Las Armenias",10.839,-85.1727
10/4/2022,11:54:00 AM,3.4,12,1.8 km al Sur Oeste de Aguas Claras. Upala,Fallamiento Local,Aguas Claras,10.8326,-85.1794
9/29/2022,8:12:15 AM,4.3,20.5,"11 km hacia el oeste de Playa Hermosa, Jaco de Puntarenas",Subduccion de la placa del Coco por debajo de la placa del Caribe,"Jaco, Playa Hermosa, Manzanillo, Cobano",9.551,-84.8696
9/13/2022,12:41:00 PM,5.6,39,116 km Sur Sureste de Punta Burica,Zona de Fractura de Panamá,"Río Sereno, Pérez Zeledón, Coto",7.061,-82.4856
9/12/2022,12:01:00 PM,4.7,25,12 km Sur Oeste de División de Pérez Zeledón,Fallamiento Local,Pérez Zeledón y Valle Central,9.4709,-83.8142
9/10/2022,8:08:00 PM,3.1,60,2 km al Noroeste de San Pablo de León Cortés.,Intraplaca Coco,Leve en el Valle Central,9.6911,-84.0607
9/9/2022,3:19:00 PM,3.8,32,13 Km Nor Este de Quepos,Tectónico por Subducción,Valle Central,9.5417,-84.1182
9/8/2022,6:54:00 PM,3.2,17,Frente a Playa Hermosa. 3 Km al sur Sureste del mirador de Jacó,Subducción,Jacó y Playa Hermosa,9.5711,-84.6056
9/3/2022,12:53:00 AM,5.3,18,"23 km al suroeste de Uvita, Puntarenas",Subducción,", Pacífico Central y Valle Central",8.9837,-83.9041
8/21/2022,5:56:00 PM,3.7,14,10 km al Noreste de San Isidro de Pérez Zeledón.,Tectónico por falla local.,"Rivas, General Viejo, Cajón, Platanares, Herradura, Linda Vista y San Isidro de Pérez Zeledón.",9.398,-83.617
8/18/2022,2:41:59 PM,3.2,8,"4.5 km hacia el SurOeste de Orosí, Cartago",Fallamiento local,"Orosí, Cartago, Paraíso",9.7333,-83.8771
8/17/2022,5:56:00 PM,2,4,Fortuna de Bagaces,Tectónico por falla local.,Fortuna de Bagaces,10.679,-85.2014
8/17/2022,8:20:00 PM,1.6,2,Fortuna de Bagaces,Tectónico por falla local.,Fortuna de Bagaces,10.6814,-85.1997
8/13/2022,6:53:55 AM,3.9,56.15,"Santa Maria de Dota, San José",Subduccion,"Cartago, Desamparados, Tarrazu, León Cortez, San Ramón, Tres Ríos, Acosta",9.5737,-83.9739
8/10/2022,7:40:00 PM,2.4,4,7 Km Norte de San Isidro de Pérez Zeledón,Fallamiento Local,Pérez Zeledón y alrededores,9.434,-83.6952
8/8/2022,1:08:15 AM,2.7,11,4.8 km oeste de Quebradas de Pérez Zeledón,Fallamiento local,Quebradas de Peréz Zeledón,9.4153,-83.7482
8/6/2022,12:09:00 AM,4,40,16 km al suroeste de Quepos,Deformación interna de la Placa Coco,"Valle Central, Zona de los Santos, Pérez Zeledón",9.2923,-84.2334
8/5/2022,6:05:00 PM,4.2,32,42 km al oeste de playa Brasilito,Deformación interna de la Placa Coco,"Huacas, Nosara, Playa Potrero, Tamarindo",10.4165,-86.19
8/3/2022,3:55:40 PM,5.8,112,"4 km SE de La Paz Centro, León, Nicaragua",Deformación placa Coco,"Carrillo, Nosara, Santa Cruz, Belén, Monte Verde, Nicoya, Nandayure en Guanacaste",12.3083,-86.6536
7/31/2022,4:33:00 PM,4,34,30 km Sur Oeste de Nosara,Deformación interna de la placa del Coco.,Nosara,9.7146,-85.804
7/30/2022,9:25:00 AM,3.5,9,11 km SurOeste de División. Pérez Zeledón,Fallamiento Local,Pérez Zeledón,9.4716,-83.8026
7/30/2022,9:26:00 AM,3.1,4,11 km Sur Oeste de División de Pérez Zeledón,Fallamiento Local,Pérez Zeledón,9.4651,-83.8064
7/30/2022,9:32:00 AM,3.5,6,10.5 km Sur Oeste de División de Pérez Zeledón,Fallamiento Local,Pérez Zeledón,9.4716,-83.8067
7/30/2022,9:34:00 AM,3,6,10 km Sur Oeste de División de Pérez Zeledón,Fallamiento Local,Pérez Zeledón,9.4729,-83.8037
7/28/2022,7:05:00 PM,4,35,46 km al Suroeste de Tamarindo,Tectónico por deformación interna de la placa del Coco,"Tamarindo, San Juanillo, Nosara, Garza y Hojancha",10.0441,-86.1631
7/24/2022,5:25:03 PM,3.9,32,"Puerto Armuelles, Panamá",Subducción de la placa de Nazca,Puerto Armuelles,8.3867,-82.8531
7/23/2022,6:50:08 PM,3,30.45,"4 km hacia el Norte de Puerto Viejo, Talamanca",Subduccion de la placa del Caribe,"Dota, Tarrazú",9.6944,-82.755
7/23/2022,6:36:00 PM,2.5,4,2 Km Nor Noreste de Santa Maria de Dota,Fallamiento Local,Zona de los Santos,9.6665,-83.9594
7/19/2022,10:22:00 PM,5.1,28,67km hacia el noroeste de Playa Flamingo,Intra placa del Coco,Fuerte en Guanacaste,10.7547,-86.3026
7/17/2022,12:22:00 PM,3.2,9,2 km al noroeste de Santa Rita de Coronado,Fallamiento local,Valle Central,10.0239,-83.9605
7/9/2022,2:42:00 PM,4.8,60,14 km Suroeste de San Vito,Intraplaca Nazca,Zona Sur,8.791,-83.1078
6/30/2022,3:03:00 AM,3.1,8,8 km hacia el noreste de San Isidro de El General,Fallamiento Local,"Pérez Zeledón, Pavones, Peñas Blancas.",9.3941,-83.629
6/25/2022,7:06:00 PM,3.5,56,5 km al suroeste de San Ignacio de Acosta,Deformacion placa de Coco,"Atenas, tibás",9.769,-84.1964
6/17/2022,1:26:00 AM,5,13,11 km Oeste NorOeste de Puerto Jiménez.,Intraplaca Coco,Zona Sur y Valle Central,8.5496,-83.4039
6/17/2022,7:07:00 AM,4.2,10,12 km Oeste NorOeste de Puerto Jiménez.,Intraplaca Coco,Zona Sur,8.5595,-83.4087
6/17/2022,8:05:00 AM,3.9,13,12 km al Oeste Noroeste de Puerto Jiménez,Intraplaca Coco,Zona Sur,8.5587,-83.3875
6/16/2022,9:36:00 AM,4.4,60,1 km Sur Sureste de Santa Eulalia de Atenas,Intraplaca Coco,"Valle Central, Orotina",9.9976,-84.3672
6/15/2022,9:10:00 AM,3.9,28,10 km Este de Puerto Armuelles.,Zona de Fractura de Panamá,Golfito,8.2574,-82.7737
6/12/2022,12:57:00 AM,4.8,32,10 km hacia el suroeste de Puerto Armuelles,ZFP,"Puerto Jiménez, Ciudad Neily, Laurel, Pérez Zeledón, San Vito, David, Golfito",8.204,-82.9169
6/12/2022,9:43:41 PM,2.5,11,"4 km hacia el Sur de la Fortuna de Bagaces, Guanacaste.",Fallamiento local,Fortuna de Bagaces,10.6299,-85.189
6/11/2022,6:04:40 AM,2.4,4,Paramo de Perez Zeledon,Fallamiento local,Paramo de Perez Zeledon,9.4742,-83.797
6/11/2022,6:07:27 AM,1.5,8.9,Paramo de Perez Zeledon,Fallamiento local,Paramo de Perez Zeledon,9.4617,-83.8086
6/11/2022,6:07:46 AM,2.2,4,Paramo de Perez Zeledon,Fallamiento local,Paramo de Perez Zeledon,9.4591,-83.791
6/9/2022,12:02:00 AM,3.7,7,14km hacia el noroeste de San Isidro de el General,Fallamiento Local,Pérez Zeledón,9.4577,-83.7977
6/9/2022,12:33:00 AM,3.4,8,15km hacia el noroeste de San Isidro de el General,Fallamiento Local,Pérez Zeledón,9.4805,-83.7936
6/9/2022,1:06:00 AM,2.6,8,15km hacia el noroeste de San Isidro de el General,Fallamiento Local,Pérez Zeledón,9.4802,-83.7909
6/9/2022,9:44:00 PM,1.8,9,2 km Sur Oeste de Salitral de Santa Ana.,Fallamiento Local,San Rafael de Escazú,9.8923,-84.1667
6/8/2022,11:58:45 PM,4.2,8.88,"10 km hacia el NorOeste de San Isidro del General, Perez Zeledon",Fallamiento local,"Perez Zeledón,",9.4643,-83.7948
6/7/2022,3:58:13 AM,4.1,32,"10 km al Noroeste de Quepos, Puntarenas",Subduccion de la Placa del Coco,"Quepos, Parrita, Desamparados, Alajuela, Heredia, Puriscal, Curridabat, Cartago",9.5132,-84.1147
6/7/2022,3:58:00 AM,4,31,10.6km hacia el noreste de Quepos,Tectónico por subducción,"Heredia, Alajuela, Desamparados, Aserrí, Curridabat, Cartago",9.5204,-84.1259
6/6/2022,12:05:58 AM,4,7,15 km NO de San Isidro de Pérez Zeledón,Fallamiento local,"San Isidro de Pérez Zeledón, Bahía Ballena, Quepos, Jacó",9.4632,-83.8055
5/25/2022,12:48:50 PM,4.3,7.9,4.3 km hacia el SurOeste de Tierras Morenas de Puntarenas,Fallamiento local,"Perez Zeledon, Playa Guapil, Quepos, Aserri de San Jose, Pavas, Desamparados,",9.3829,-83.8626
5/24/2022,1:01:00 AM,3.4,3,14 km NorOeste de Pérez Zeledón,Fallamiento Local,Pérez Zeledón,9.4669,-83.7888
5/23/2022,11:34:00 AM,5,27,8 km Nor Este de Playa San Juanillo. Guanacaste,Tectónico por Subducción,"Nosara, Santa Cruz,Filadelfia, y leve en el Valle Central",10.0999,-85.7129
5/23/2022,12:51:00 AM,3.9,19,26 km al suroeste de Jacó,subduccion,"Jacó, Paquera",9.4812,-84.8339
5/20/2022,4:44:47 AM,4.1,18,"25.8 km hacia el SurOeste de Playa Jaco, Puntarenas",Subduccion de la placa del Coco,"Tambor, Jicaral, Miramar, Esparza, El roble de Puntarenas, Paquera",9.575,-84.8652
5/19/2022,6:22:27 AM,4.6,20,19.5 km al NE de San Vito de Coto Brus,Fallamiento local,Zona Sur,8.94,-82.8418
5/16/2022,2:15:00 AM,1.84,12,"1 km NO de Matinilla de Santa Ana, San José",Fallamiento local,"Pavas, Escazú",9.8918,-84.1764
5/16/2022,2:31:37 AM,1.7,11,"2.7 km SE de Matinilla de Santa Ana, San José",Fallamiento local,Alajuelita y Escazú,9.8664,-84.1611
5/16/2022,2:47:24 AM,1.4,10,"1.4 km Este de Matinilla de Santa Ana, San José",Fallamiento local,"Alajuelita, Salitral de Santa Ana y en Santa Ana.",9.888,-84.158
5/16/2022,11:23:50 PM,3.4,97,7.3 km NE de Vara Blanca,Deformación placa Coco,Alajuela Centro y Santo Domingo de Heredia,10.1928,-84.0871
5/13/2022,1:03:00 AM,2.8,7,Piedades de Santa Ana,Fallamiento Local,Valle Central,9.9299,-84.2194
5/13/2022,1:46:00 AM,4.1,19,25 km al suroeste de Jaco,subduccion,"Valle Central, Pacífico Central",9.5336,-84.8546
5/13/2022,4:28:00 AM,2.2,11,1 km al Sureste de Piedades de Santa Ana,Tectónico por fallamiento local,"Pavas, Santa Ana, Ciudad Colón",9.9218,-84.211
5/12/2022,10:22:28 AM,3,8,"7.5 SSO de Orosí, Cartago",Fallamiento local,"Lourdes de Agua Caliente, Cartago; Patarra.",9.733,-83.8776
5/11/2022,1:22:49 AM,4.2,55,"5 km NO de Savegre de Aguirre, Puntarenas",Deformación placa Coco,Dominical y Valle Central,9.3798,-83.925
5/11/2022,7:03:49 PM,2.5,6.5,"1.2 km SE de Salitral de Santa Ana, San José Centro, Alajuelita, Escazú",Fallamiento local,Santa Ana,9.8993,-84.1733
5/9/2022,5:17:00 PM,2.8,52,6 km al sureste de Santiago dePuriscal,deformacion interna de la placa Coco,"Santa Ana, Escazu",9.8266,-84.2607
5/7/2022,6:25:00 PM,5.3,17,20 km Oeste de Golfito,Intraplaca Cocos,Zona Sur y Valle Central,8.612,-83.3068
5/6/2022,2:13:00 PM,4.1,14,13 km Sur Oeste de Golfito,Intraplaca Cocos,Golfito,8.5442,-83.2232
5/5/2022,10:47:00 PM,4.2,20,26 km Oeste Suroeste de Jacó,Tectonico por Subduccion,Valle Central y Sur de Península de Nicoya,9.5393,-84.8615
5/5/2022,11:47:00 PM,1.7,7,Centro de Moravia,Tectonico por falla local.,"Moravia, Guadalupe y Tibas",9.9654,-84.0461
5/2/2022,12:24:00 PM,4.8,15,37 km al Suroeste de Dominical,Tectonico por Subduccion,Zona Sur y Valle Central,8.9265,-84.0393
5/2/2022,2:20:00 PM,2.4,4,5 km Nor Oeste de San Isidro de Heredia,Fallamiento Local,"Heredia, Goicoechea",10.0607,-84.043
4/28/2022,6:14:00 PM,4.3,25,5.3km hacia el noreste de Puerto Armuelles,Fallamiento en la zona de fractura de Panamá,"Puerto Armuelles, Laurel,",8.3031,-82.8212
4/26/2022,2:24:00 PM,3,4,6.7km hacia el sureste de Ciudad Colón,Fallamiento local,Fuerte en San José,9.8999,-84.1811
4/25/2022,8:41:00 PM,3,4,"5.8km hacia el noroeste de San Gerardo de Rivas, Pérez Zeledón.",Fallamiento local,Perez Zeledon,9.5009,-83.6384
4/21/2022,1:42:00 AM,6.8,25,"120 km al suroeste de Managua, Nicaragua",Subducción,"Guanacaste, Puntarenas, Valle Central, Pérez Zeledón, Tilarán, Sarapiquí",11.7229,-87.3799
4/20/2022,4:52:00 PM,4.4,22,9 km al noroeste de Punta Burica,Intra Placa Coco,"Punta Burica, Puerto Armuelle, Pérez Zeledón, Alajuela",8.0999,-82.9727
4/20/2022,5:26:00 PM,5,22,12 km al noroeste de Punta Burica,Intra Placa Coco,"Zona Sur, Valle Central",8.1071,-82.9594
4/17/2022,10:48:00 AM,2.2,0,0.5 km al Norte del cráter principal del volcán Turrialba.,Volcano-tectónico,Alrededores del volcán Turrialba.,10.0233,-83.7631
4/14/2022,11:48:00 PM,3,25,2 km al Sur de Playa San Juanillo,Tectónico por subducción,"San Juanillo, Ostional, Nosara, Santa Cruz, Nambi y Nicoya.",10.0118,-85.7425
4/12/2022,8:05:00 AM,4.5,15,20 km Sur Este de Siquirres,Fallamiento Local,"Limón, Guápiles, Pérez Zeledón, Siquirres, Turrialba, leve en Valle Central.",9.9226,-83.448
4/11/2022,12:13:00 AM,2.8,4,7 km al NE de San Isidro de Pérez Zeledón,Tectónico por falla local.,San Isidro y Rivas de Pérez Zeledón,9.4367,-83.6905
4/8/2022,11:55:00 PM,2,3,3 km al SW de Orosi,Tectónico por falla local.,"Orosi, Palomo y Paraiso",9.7654,-83.8546
4/2/2022,1:20:00 AM,4.1,22,16 km al este de Playa Montezuma,Subduccion,"Cóbano, Montezuma, jacó,Puntarenas, Aguas Zarcas, Poas de Alajuela",9.6572,-84.9154
3/30/2022,5:12:00 PM,4.2,19,16 km al suroeste de Playa Esterillos,Subduccion,"Puntarenas, Playa Hermosa, Jacó, Herradura, San José, Desamparados, Alajuela, La Guácima, San Ramón, Heredia, San Pablo, San Isidro, Cartago",9.4273,-84.6105
3/25/2022,1:34:00 PM,4.9,20,20 km Este de Ciudad Neily,Subducción,Zona Sur,8.6257,-82.7667
3/24/2022,1:03:00 AM,3.6,49,13 Km Nor Noroeste de Quepos,Subducción,Valle Central,9.5363,-84.1923
3/23/2022,7:46:00 AM,3.2,20,1 km Sur Este de Playa Tambor,Subdución,Cóbano,9.7369,-85.0035
3/20/2022,11:17:00 PM,5,36,67 km Oeste de Tamarindo. Guanacaste,Subducción,Guanacaste,10.3419,-86.4604
3/19/2022,7:51:00 AM,3,10,6 km al Noroeste de Nuevo Arenal,Tectónico por falla local.,Fuerte en Nuevo Arenal,10.5815,-84.9363
3/12/2022,12:47:00 AM,2.7,11,5 km al Noroeste de La Suiza de Turrialba,Tectónico por falla local.,La Suiza y Atirro de Turrialba,9.8855,-83.6425
3/10/2022,7:01:51 PM,4.3,40,"La Mona de Golfito, Puntarenas",Deformación Placa Coco,"Ciudad Neilly, Golfito, Río Claro, Coto Brus, Puerto Jiménez",8.5963,-83.0976
3/7/2022,7:01:00 PM,2.3,4,5 km al suroeste de Tobosi de Cartago,Fallamiento local,"Quebradilla, Aserrí, Desamparados",9.797,-84.0129
3/5/2022,7:11:00 AM,1.9,4,1.5 km norte de la Basilica de Cartago.,Fallamiento Local,San Blas de Cartago,9.8788,-83.9119
3/5/2022,4:43:00 PM,4.3,28,64 km Nor Este de Sixaola. Limón,Intraplaca Caribe,Sixaola,9.9193,-82.2028
2/25/2022,5:17:00 AM,2.2,4.5,"3.8 km hacia el suroeste de Cot, Oreamuno.",Fallamiento local,Leve-moderado Cartago.,9.8705,-83.9007
2/25/2022,2:42:00 PM,2.4,4.3,2.3 km hacia el suroeste de Tierra Blanca,Fallamiento local,Cartago,9.8986,-83.9078
2/24/2022,3:52:00 AM,3.4,8,4 Km Oeste SurOeste de Paquita. Quepos,Fallamiento Local,Paquita de Quepos,9.4353,-84.2147
2/24/2022,5:57:00 PM,3.5,2.4,2.6 km hacia el noreste de Cartago,Fallamiento local,Muy fuerte en Cartago,9.8719,-83.8972
2/24/2022,6:29:00 PM,3,4.6,"3.2 km hacia el suroeste de Cot, Oreamuno.",Fallamiento local,Fuerte en Cartago,9.8818,-83.9016
2/24/2022,9:58:41 PM,2.14,6,Cervantes de Cartago,Fallamiento local,Cartago,9.8859,-83.8138
2/21/2022,6:42:00 AM,2,4,Ciudad de Cartago. Al Norte de la Basílica,Fallamiento Local,Cartago,9.87,-83.9134
2/20/2022,9:12:00 AM,4.5,24,18 km al noreste de San Vito,Fallamiento local,"San Vito, Ciudad Neily, Río Claro, Pérez Zeledón, Cartago",8.9391,-82.8547
2/19/2022,7:40:40 PM,3.5,12,"1.8 km NE de Vara de Roble, El Guarco, Cartago",Fallamiento local,"San José, Alajuelita, Desamparados, Aserrí, Zapote, Sabanilla, Curridabat, Ciudad Colón, Santa Ana, Escazú, Cartago, Tres Ríos, Paraiso, Tobosi, Turrialba, Pacayas, Guapiles",9.7482,-83.9447
2/18/2022,2:57:00 AM,2.5,3,2 km hacia el noreste de Cartago,Fallamiento local,Moderado en Cartago,9.8809,-83.9104
2/16/2022,10:01:00 PM,4.3,142,"35 km al noroeste de Peñas Blancas, Nicaragua",Subducción,"Mansión, Nosara, Flamingo,Brasilito,La Cruz",11.353,-85.9187
2/13/2022,8:55:00 PM,2.3,3,5 km Norte de Pérez Zeledón,Fallamiento Local,Pérez Zeledón,9.4141,-83.7092
2/8/2022,1:11:00 PM,2,4,5 km Sur Oeste de Río Macho. Cartago,Fallamiento Local,Río Macho,9.7427,-83.8774
2/8/2022,3:11:00 PM,1.7,5,5 km Sur Oeste de Río Macho. Cartago,Fallamiento Local,Río Macho,9.7446,-83.8732
2/6/2022,1:22:00 PM,3.3,16,4 km al Sur de Matina,Tectónico por contacto entre las placas del Caribe y Panamá.,Liverpool y Zent,10.0403,-83.2949
2/5/2022,2:04:00 AM,1.6,8,Hatillo 6,Tectónico por falla local.,"Hatillo, San Antonio de Escazú Escazú y Alajuelita",9.9166,-84.1095
2/4/2022,3:24:00 PM,5.2,27,16 km hacia el suroeste de Pavones,Tectónico por subducción,Fuerte en la zona Sur y leve en el valle Central,8.2792,-83.2249
1/27/2022,12:04:00 AM,4.5,85,5 km al suroeste de Vara Blanca,Deformacion interna de la placa del Coco,"San José, Cartago, Alajuela, Poás, Palmares, San Ramón, Grecia, Atenas, Sarchí, Naranjo, Hojancha, Jicaral",10.1273,-84.1832
1/23/2022,10:28:00 AM,2.3,9,3 km Nor Oeste de Turrialba,Fallamiento Local,La Suiza y Turrialba,9.924,-83.7024
1/18/2022,12:26:00 AM,4,45,10 km al Noreste de Quepos,Tectónico por deformación interna de la placa del Coco,Región sur del Valle Central,9.4853,-84.0965
1/13/2022,1:33:00 PM,4.8,17,30 km hacia el suroeste de Jacó.,Tectónico por Subducción,"Jaco, Jicaral, Guancaste, Paquera, Sámara, Alajuela, Orotina, Nicoya, Monte Verde, Paquera, Abangares, Cóbano, Montezuma.",9.4933,-84.883
1/7/2022,4:47:51 PM,2.3,3,"4 km SE de Tejar del Guarco, Cartago",Fallamiento local,Cartago Centro,9.8095,-83.9374
1/6/2022,10:25:00 AM,6.2,28,102 km al suroeste de León Nicaragua,Subducción,"Guanacaste, Alajuela, San Ramón, Palmares, Sarchí, Upala, Atenas, Monteverde, Naranjo, Tilarán, San José, Heredia, Cartago, Puntarenas",11.9902,-87.7453
1/4/2022,7:05:00 AM,3.3,10,8 KM al Sureste de Orosi,Tectónico por falla local.,"Orosi, Paraiso, Coronado, Juan Viñas, y Cartago",9.7344,-83.7882
1/1/2022,8:25:00 PM,4.6,18,50 km Sur Oeste de Quepos,Tectónico por subducción,"Pérez Zeledón, Quepos y Valle Central",8.9818,-84.2439
